dataset,backbone,dprime_apriori_train,dprime_test_raw,dprime_test_proj,delta_dprime,raw@1,raw@10,raw@50,proj@1,proj@10,proj@50,gain@1,gain@10,gain@50
semart,metaclip2-ww-huge,2.5192,2.5599,3.107,0.5471,0.3863423760523854,0.7343311506080449,0.8952291861552854,0.4293732460243218,0.7885874649204865,0.9298409728718429,0.043,0.0543,0.0346
semart,clip-vitl14-laion2b,2.2189,2.2745,2.8123,0.5378,0.304022450888681,0.6286248830682881,0.8316183348924229,0.3648269410664172,0.7109448082319925,0.8999064546304958,0.0608,0.0823,0.0683
semart,siglipv1-so400m-384,2.1627,2.2463,2.8906,0.6443,0.31805425631431244,0.6398503274087932,0.8288119738072965,0.3816651075771749,0.7221702525724977,0.90177736202058,0.0636,0.0823,0.073
semart,default,1.4502,,,,0.15902712815715622,0.35827876520112256,0.5556594948550047,0.20954162768942938,0.48362956033676335,0.7231057062675398,0.0505,0.1254,0.1674
rocov2,biomedclip,3.4827,3.4363,3.616,0.1797,0.3019038984587489,0.6868137403042208,0.8898962425707666,0.2857862395487055,0.6626372519391558,0.8800241764883651,-0.0161,-0.0242,-0.0099
rocov2,siglipv1-so400m-384,2.4803,2.4968,2.7833,0.2866,0.10869346227460461,0.336556865115342,0.5902085222121487,0.09096403747355697,0.32678553440112823,0.6006850005036768,-0.0177,-0.0098,0.0105
rocov2,metaclip2-ww-huge,2.1593,2.2019,2.527,0.3251,0.07998388234108995,0.23098619925455827,0.4387025284577415,0.07404049561801149,0.26100533897451395,0.5062959605117356,-0.0059,0.03,0.0676
rocov2,clip-vitl14-laion2b,1.4226,1.4125,1.7671,0.3546,0.029515462879016824,0.10063463281958296,0.21597662939458043,0.03294046539740103,0.150700110808905,0.34209731036566937,0.0034,0.0501,0.1261
coco,clip-vitl14-laion2b,4.4906,4.5132,5.0579,0.5447,0.4454,0.7806,0.9508,0.4322,0.7876,0.958,-0.0132,0.007,0.0072
coco,metaclip2-ww-huge,4.3893,4.4298,4.9844,0.5547,0.4566,0.7824,0.9446,0.425,0.7842,0.9526,-0.0316,0.0018,0.008
coco,default,4.2181,4.221,5.1353,0.9143,0.4972994598919784,0.8167633526705341,0.9571914382876575,0.4882976595319064,0.8191638327665534,0.9597919583916783,-0.009,0.0024,0.0026
coco,siglipv1-so400m-384,4.2151,4.2597,4.9486,0.6889,0.513,0.8198,0.9546,0.4968,0.8262,0.9612,-0.0162,0.0064,0.0066
nwpu,siglipv1-so400m-384,2.4096,2.4196,3.5271,1.1075,0.05047619047619047,0.2673015873015873,0.6958730158730159,0.09047619047619047,0.4711111111111111,0.9019047619047619,0.04,0.2038,0.206
nwpu,clip-vitl14-laion2b,2.3979,2.3846,3.4913,1.1067,0.05015873015873016,0.2815873015873016,0.6876190476190476,0.1019047619047619,0.4812698412698413,0.9095238095238095,0.0517,0.1997,0.2219
nwpu,default,2.3626,2.3456,3.5399,1.1943,0.05523809523809524,0.2777777777777778,0.6701587301587302,0.09777777777777778,0.44761904761904764,0.8965079365079365,0.0425,0.1698,0.2263
nwpu,metaclip2-ww-huge,2.2241,2.2245,3.4036,1.1791,0.03936507936507937,0.2346031746031746,0.6507936507936508,0.08,0.42412698412698413,0.8866666666666667,0.0406,0.1895,0.2359
rsicd,remoteclip-vitl14,2.5597,2.4187,3.2066,0.7879,0.13174748398902103,0.5397987191216834,0.9149130832570905,0.14821591948764867,0.5699908508691675,0.9432753888380604,0.0165,0.0302,0.0284
rsicd,georsclip-vitb32,2.0314,2.1189,2.7409,0.6219,0.09149130832570906,0.4089661482159195,0.7996340347666971,0.11161939615736505,0.4922232387923147,0.8947849954254345,0.0201,0.0833,0.0952
rsicd,clip-vitl14-laion2b,1.9622,2.0444,2.8391,0.7947,0.08142726440988106,0.36322049405306495,0.7996340347666971,0.11253430924062215,0.4775846294602013,0.9021043000914913,0.0311,0.1144,0.1025
rsicd,siglipv1-so400m-384,1.9605,2.0598,2.9504,0.8906,0.10795974382433669,0.4162854528819762,0.7731015553522416,0.1344922232387923,0.5233302836230558,0.9240622140896615,0.0265,0.107,0.151
rsicd,default,1.9486,2.1286,2.8824,0.7538,0.1280878316559927,0.4373284537968893,0.8042086001829826,0.13815187557182068,0.5215004574565416,0.9176578225068619,0.0101,0.0842,0.1134
rsicd,metaclip2-ww-huge,1.9091,2.0593,2.8557,0.7964,0.09515096065873742,0.3870082342177493,0.7721866422689845,0.10338517840805124,0.4757548032936871,0.8975297346752058,0.0082,0.0887,0.1253
fashion200k,marqo-fashionsiglip,3.9773,3.9835,4.1758,0.1923,0.5133026605321064,0.8767753550710142,0.9767953590718144,0.5857171434286857,0.9287857571514303,0.9911982396479296,0.0724,0.052,0.0144
fashion200k,siglipv1-so400m-384,3.6843,3.7259,4.2224,0.4965,0.4380876175235047,0.8113622724544909,0.9515903180636127,0.5635127025405081,0.9191838367673535,0.9913982796559312,0.1254,0.1078,0.0398
fashion200k,default,3.5683,3.5872,4.2267,0.6395,0.41328265653130625,0.8047609521904381,0.9535907181436287,0.5517103420684136,0.9165833166633327,0.985997199439888,0.1384,0.1118,0.0324
fashion200k,metaclip2-ww-huge,3.3875,3.4174,3.7681,0.3507,0.3444688937787557,0.7041408281656332,0.9025805161032207,0.4378875775155031,0.8195639127825565,0.9547909581916383,0.0934,0.1154,0.0522
fashion200k,clip-vitl14-laion2b,3.3398,3.3558,3.8808,0.525,0.3652730546109222,0.7403480696139227,0.9181836367273455,0.46489297859571915,0.8431686337267453,0.965993198639728,0.0996,0.1028,0.0478
fashion200k,fashionclip,3.1526,3.1674,3.687,0.5196,0.32966593318663734,0.7045409081816363,0.8983796759351871,0.4034806961392278,0.8003600720144028,0.9497899579915983,0.0738,0.0958,0.0514
scimmir,metaclip2-ww-huge,2.4355,2.4131,2.4283,0.0152,0.36717623305451397,0.61349870204788,0.7666570522065186,0.3576579175079319,0.6481107585809057,0.8177098355927315,-0.0095,0.0346,0.0511
scimmir,siglipv1-so400m-384,2.2896,2.2951,2.4893,0.1942,0.3781367176233055,0.6080184597634842,0.7672339198154023,0.3896740698009807,0.6758004038073262,0.826074415921546,0.0115,0.0678,0.0588
scimmir,clip-vitl14-laion2b,1.9514,1.9453,2.1004,0.1551,0.21055667724257282,0.4038073262186328,0.5710989327949235,0.25093740986443613,0.5010095183155466,0.7017594462070955,0.0404,0.0972,0.1307
scimmir,default,1.9273,1.9305,1.9867,0.0561,0.19873089126045573,0.3818863570810499,0.5509085664839919,0.21344101528699164,0.444476492644938,0.6489760599942314,0.0147,0.0626,0.0981
skincap,medsiglip,1.7285,1.7035,2.1686,0.4651,0.11204013377926421,0.4280936454849498,0.6956521739130435,0.2157190635451505,0.6304347826086957,0.8545150501672241,0.1037,0.2023,0.1589
skincap,metaclip2-ww-huge,1.6388,1.6315,2.1321,0.5006,0.11036789297658862,0.4331103678929766,0.68561872909699,0.17391304347826086,0.5869565217391305,0.8411371237458194,0.0635,0.1538,0.1555
skincap,siglipv1-so400m-384,1.5766,1.5321,2.0863,0.5542,0.09866220735785954,0.34782608695652173,0.6655518394648829,0.22742474916387959,0.5652173913043478,0.862876254180602,0.1288,0.2174,0.1973
skincap,biomedclip,1.5674,1.5806,1.8654,0.2848,0.11705685618729098,0.3762541806020067,0.6505016722408027,0.12876254180602006,0.44816053511705684,0.7675585284280937,0.0117,0.0719,0.1171
skincap,default,1.5555,1.5368,1.9921,0.4553,0.11705685618729098,0.391304347826087,0.6555183946488294,0.17558528428093645,0.560200668896321,0.822742474916388,0.0585,0.1689,0.1672
skincap,clip-vitl14-laion2b,1.3672,1.3538,1.9637,0.6099,0.07859531772575251,0.3210702341137124,0.6321070234113713,0.13712374581939799,0.5066889632107023,0.8076923076923077,0.0585,0.1856,0.1756
facad,siglipv1-so400m-384,4.1742,4.1639,4.3417,0.1777,0.6894343649946638,0.9418356456776947,0.9871931696905016,0.7049092849519744,0.959445037353255,0.9951974386339381,0.0155,0.0176,0.008
facad,marqo-fashionsiglip,4.166,4.1771,4.3911,0.214,0.6435432230522946,0.9290288153681964,0.983991462113127,0.6376734258271078,0.9466382070437567,0.9930629669156884,-0.0059,0.0176,0.0091
facad,default,4.1153,4.1092,4.6094,0.5001,0.6947705442902882,0.9402347918890075,0.987726787620064,0.7166488794023479,0.9647812166488794,0.9946638207043756,0.0219,0.0245,0.0069
facad,clip-vitl14-laion2b,3.6767,3.6814,4.2094,0.528,0.5581643543223053,0.8895410885805763,0.9727854855923159,0.6173959445037354,0.935965848452508,0.9935965848452508,0.0592,0.0464,0.0208
facad,metaclip2-ww-huge,3.6159,3.615,3.9041,0.289,0.5672358591248666,0.9087513340448239,0.9829242262540021,0.5891141942369263,0.9332977588046958,0.9871931696905016,0.0219,0.0245,0.0043
facad,fashionclip,3.3449,3.3429,3.771,0.4282,0.4727854855923159,0.8697972251867663,0.9637139807897546,0.5128068303094984,0.8938100320170758,0.9791889007470651,0.04,0.024,0.0155
goodnews,metaclip2-ww-huge,4.322,4.3228,5.3102,0.9875,0.7609521904380876,0.9315863172634526,0.9737947589517904,0.7359471894378876,0.9265853170634126,0.9765953190638128,-0.025,-0.005,0.0028
goodnews,clip-vitl14-laion2b,4.1052,4.0789,4.8223,0.7434,0.654130826165233,0.8789757951590318,0.9453890778155631,0.6553310662132427,0.876375275055011,0.9485897179435887,0.0012,-0.0026,0.0032
goodnews,siglipv1-so400m-384,3.1239,3.1207,4.1017,0.981,0.5153030606121224,0.7293458691738348,0.8319663932786557,0.5383076615323065,0.7755551110222044,0.883376675335067,0.023,0.0462,0.0514
goodnews,default,2.0681,2.0783,2.8736,0.7953,0.2378475695139028,0.4396879375875175,0.5825165033006602,0.25165033006601323,0.5069013802760552,0.6985397079415884,0.0138,0.0672,0.116
treeoflife,metaclip2-ww-huge,2.1892,2.1952,2.7241,0.5289,0.2091466815393196,0.456776352481874,0.6675962074735081,0.21639709983268265,0.5069715560513106,0.7618516452872282,0.0073,0.0502,0.0943
treeoflife,default,1.9013,1.8898,2.454,0.5641,0.12437255995538204,0.32738427216954824,0.5499163413273843,0.13218070273284996,0.3965421081985499,0.6709425543781372,0.0078,0.0692,0.121
treeoflife,siglipv1-so400m-384,1.8908,1.9448,2.6534,0.7086,0.1550474065811489,0.39709983268265475,0.6017847183491355,0.18070273284997213,0.46737311767986617,0.7222532069157837,0.0257,0.0703,0.1205
treeoflife,clip-vitl14-laion2b,1.6991,1.6943,2.1781,0.4838,0.10987172336865589,0.29726715002788623,0.4991634132738427,0.12214166201896264,0.38315672058003347,0.6447295036252092,0.0123,0.0859,0.1456
treeoflife,bioclip2,1.3152,1.3498,2.8391,1.4893,0.21137757947573899,0.3809258226436141,0.5214723926380368,0.24595649749023982,0.4997211377579476,0.7177914110429447,0.0346,0.1188,0.1963
treeoflife,bioclip,0.9394,1.0044,1.9294,0.925,0.03234802007808143,0.1003904071388734,0.2102621305075293,0.07083100948131622,0.2543223647518126,0.4762967094255438,0.0385,0.1539,0.266
