dataset,backbone,dprime_apriori_train,n_train,source,definition
coco,clip-vitl14-laion2b,4.9502,20000,train_embs_clip-vitl14-laion2b_n20000.npz,perquery
coco,default,5.2565,20000,train_embs_n20000.npz,perquery
coco,metaclip2-ww-huge,5.0739,20000,train_embs_metaclip2-ww-huge_n20000.npz,perquery
coco,siglipv1-so400m-384,5.0642,20000,train_embs_siglipv1-so400m-384_n20000.npz,perquery
facad,clip-vitl14-laion2b,4.3272,8754,train_embs_clip-vitl14-laion2b.npz,perquery
facad,default,4.9916,8754,train_embs.npz,perquery
facad,fashionclip,4.0134,8754,train_embs_fashionclip.npz,perquery
facad,marqo-fashionsiglip,4.9882,8754,train_embs_marqo-fashionsiglip.npz,perquery
facad,metaclip2-ww-huge,4.3207,8754,train_embs_metaclip2-ww-huge.npz,perquery
facad,siglipv1-so400m-384,4.9005,8754,train_embs_siglipv1-so400m-384.npz,perquery
fashion200k,clip-vitl14-laion2b,3.6618,50000,train_embs_clip-vitl14-laion2b.npz,perquery
fashion200k,default,4.1452,50000,train_embs.npz,perquery
fashion200k,fashionclip,3.4123,50000,train_embs_fashionclip.npz,perquery
fashion200k,marqo-fashionsiglip,4.2620,50000,train_embs_marqo-fashionsiglip.npz,perquery
fashion200k,metaclip2-ww-huge,3.7499,50000,train_embs_metaclip2-ww-huge.npz,perquery
fashion200k,siglipv1-so400m-384,4.1393,50000,train_embs_siglipv1-so400m-384.npz,perquery
goodnews,clip-vitl14-laion2b,5.0583,49998,train_embs_clip-vitl14-laion2b.npz,perquery
goodnews,default,2.9178,49998,train_embs.npz,perquery
goodnews,metaclip2-ww-huge,5.6405,49998,train_embs_metaclip2-ww-huge.npz,perquery
goodnews,siglipv1-so400m-384,4.4384,49998,train_embs_siglipv1-so400m-384.npz,perquery
nwpu,clip-vitl14-laion2b,2.8139,25199,train_embs_clip-vitl14-laion2b.npz,perquery
nwpu,default,3.0048,25199,train_embs.npz,perquery
nwpu,georsclip-vitb32,2.7682,25199,train_embs_georsclip-vitb32.npz,perquery
nwpu,metaclip2-ww-huge,2.8301,25199,train_embs_metaclip2-ww-huge.npz,perquery
nwpu,remoteclip-vitl14,2.8811,25199,train_embs_remoteclip-vitl14.npz,perquery
nwpu,siglipv1-so400m-384,2.9654,25199,train_embs_siglipv1-so400m-384.npz,perquery
rocov2,biomedclip,3.8068,59962,train_embs_biomedclip.npz,perquery
rocov2,clip-vitl14-laion2b,1.7094,59962,train_embs_clip-vitl14-laion2b.npz,perquery
rocov2,default,2.6471,59962,train_embs.npz,perquery
rocov2,medsiglip,2.6376,59962,train_embs_medsiglip.npz,perquery
rocov2,metaclip2-ww-huge,2.4659,59962,train_embs_metaclip2-ww-huge.npz,perquery
rocov2,siglipv1-so400m-384,2.8640,59962,train_embs_siglipv1-so400m-384.npz,perquery
rsicd,clip-vitl14-laion2b,2.2879,8734,train_embs_clip-vitl14-laion2b.npz,perquery
rsicd,default,2.4336,8734,train_embs.npz,perquery
rsicd,georsclip-vitb32,2.2388,8734,train_embs_georsclip-vitb32.npz,perquery
rsicd,metaclip2-ww-huge,2.3593,8734,train_embs_metaclip2-ww-huge.npz,perquery
rsicd,remoteclip-vitl14,3.0166,8734,train_embs_remoteclip-vitl14.npz,perquery
rsicd,siglipv1-so400m-384,2.2711,8734,train_embs_siglipv1-so400m-384.npz,perquery
scimmir,clip-vitl14-laion2b,2.1826,16184,train_embs_clip-vitl14-laion2b.npz,perquery
scimmir,default,2.3308,16184,train_embs.npz,perquery
scimmir,metaclip2-ww-huge,2.8096,16184,train_embs_metaclip2-ww-huge.npz,perquery
scimmir,siglipv1-so400m-384,2.8706,16184,train_embs_siglipv1-so400m-384.npz,perquery
semart,clip-vitl14-laion2b,2.7009,19244,train_embs_clip-vitl14-laion2b.npz,perquery
semart,default,2.0022,19244,train_embs.npz,perquery
semart,metaclip2-ww-huge,3.1061,19244,train_embs_metaclip2-ww-huge.npz,perquery
semart,siglipv1-so400m-384,2.7604,19244,train_embs_siglipv1-so400m-384.npz,perquery
skincap,biomedclip,1.7425,2800,train_embs_biomedclip.npz,perquery
skincap,clip-vitl14-laion2b,1.5498,2800,train_embs_clip-vitl14-laion2b.npz,perquery
skincap,default,1.7747,2800,train_embs.npz,perquery
skincap,medsiglip,1.8617,2800,train_embs_medsiglip.npz,perquery
skincap,metaclip2-ww-huge,1.7812,2800,train_embs_metaclip2-ww-huge.npz,perquery
skincap,siglipv1-so400m-384,1.7762,2800,train_embs_siglipv1-so400m-384.npz,perquery
treeoflife,bioclip,0.9994,8400,train_embs_bioclip.npz,perquery
treeoflife,bioclip2,2.3138,8400,train_embs_bioclip2.npz,perquery
treeoflife,clip-vitl14-laion2b,2.0792,8400,train_embs_clip-vitl14-laion2b.npz,perquery
treeoflife,default,2.3859,8400,train_embs.npz,perquery
treeoflife,metaclip2-ww-huge,2.7465,8400,train_embs_metaclip2-ww-huge.npz,perquery
treeoflife,siglipv1-so400m-384,2.4572,8400,train_embs_siglipv1-so400m-384.npz,perquery
