predictor,pearson,spearman,fit_R2,fit_MAE,slope,intercept,loco_R2,loco_MAE,ident_R2,ident_MAE,within05
N50 (held-out eval set),0.8743,0.8568,0.7644,0.028,1.0695,-0.0109,0.7214,0.0315,0.76,0.0288,0.8276
CCA r0.005_d256,0.8974,0.9068,0.8054,0.0273,1.1341,0.0352,0.7135,0.033,0.5177,0.0495,0.4655
CCA r0.005_d512,0.8907,0.8984,0.7933,0.0278,1.1167,0.0375,0.6998,0.0335,0.4959,0.0504,0.5
CCA r0.01_d256,0.8946,0.9046,0.8003,0.0279,1.1639,0.034,0.6932,0.0339,0.4993,0.0502,0.4655
CCA r0.005_d0,0.8882,0.8946,0.789,0.0284,1.1082,0.0388,0.6932,0.0341,0.4847,0.051,0.5172
CCA r0.01_d512,0.8918,0.8985,0.7953,0.0281,1.1556,0.0352,0.6881,0.034,0.4882,0.0507,0.4828
CCA r0.01_d0,0.8904,0.8985,0.7929,0.0285,1.1455,0.0367,0.6881,0.0344,0.4791,0.0511,0.5172
"N50 (train, paper)",0.8547,0.8518,0.7306,0.0299,0.9961,-0.0043,0.6833,0.0329,0.7274,0.0298,0.8276
CCA r0.002_d256,0.8714,0.8796,0.7593,0.0303,1.0518,0.0469,0.677,0.0358,0.4055,0.054,0.4138
CCA r0.002_d128,0.8742,0.8841,0.7642,0.0319,1.0679,0.0455,0.6713,0.0379,0.4137,0.0543,0.4655
CCA r0.02_d512,0.8826,0.896,0.7789,0.0306,1.1597,0.0391,0.6622,0.0366,0.4242,0.0537,0.4655
CCA r0.005_d128,0.8807,0.8974,0.7757,0.031,1.1204,0.039,0.6621,0.0374,0.4584,0.0524,0.4828
CCA r0.02_d0,0.8801,0.8877,0.7746,0.0311,1.1532,0.0403,0.6596,0.0371,0.4114,0.0542,0.4828
CCA r0.02_d256,0.8829,0.9019,0.7796,0.0307,1.1727,0.0379,0.6591,0.0369,0.4264,0.0536,0.4655
CCA r0.002_d512,0.856,0.8659,0.7327,0.0319,1.0247,0.0513,0.6424,0.0377,0.3413,0.0569,0.4138
CCA r0.002_d0,0.8558,0.8642,0.7325,0.032,1.0261,0.0524,0.6421,0.0378,0.3235,0.0578,0.4138
CCA r0.05_d512,0.8648,0.8706,0.7479,0.0344,1.1848,0.0474,0.6362,0.0405,0.2642,0.061,0.4655
CCA r0.05_d0,0.8627,0.8653,0.7442,0.0347,1.1764,0.0489,0.6321,0.0408,0.2477,0.0619,0.4655
CCA r0.01_d128,0.8728,0.8947,0.7617,0.0325,1.128,0.0401,0.6312,0.0392,0.424,0.0538,0.4828
CCA r0.05_d256,0.8641,0.8832,0.7466,0.0348,1.1708,0.0475,0.6273,0.0412,0.2751,0.0608,0.4655
CCA r0.1_d512,0.8497,0.8435,0.722,0.0363,1.1739,0.0548,0.6039,0.0427,0.1422,0.0668,0.4655
CCA r0.1_d256,0.8482,0.8468,0.7195,0.0371,1.1669,0.0546,0.6002,0.0436,0.1489,0.0665,0.4655
CCA r0.1_d0,0.8446,0.8315,0.7133,0.0371,1.1623,0.0566,0.5942,0.0435,0.1162,0.0678,0.4483
CCA r0.02_d128,0.8533,0.8717,0.7281,0.0362,1.1214,0.0457,0.5857,0.0433,0.3257,0.0578,0.4483
CCA r0.3_d512,0.8345,0.815,0.6964,0.0388,1.1639,0.0625,0.583,0.0451,0.0038,0.0724,0.431
CCA r0.3_d0,0.8278,0.8018,0.6853,0.0396,1.1477,0.0644,0.5694,0.0461,-0.0258,0.0735,0.3966
CCA r1_d512,0.8253,0.7921,0.6811,0.04,1.1579,0.0663,0.5681,0.0464,-0.072,0.0752,0.3793
CCA r1_d0,0.8203,0.7852,0.6729,0.0406,1.1435,0.0681,0.5585,0.0472,-0.1001,0.0762,0.3793
CCA r0.3_d256,0.8252,0.7964,0.681,0.0403,1.1438,0.0631,0.556,0.0471,-0.0037,0.0724,0.4138
CCA r1_d256,0.8198,0.7788,0.672,0.0407,1.1442,0.0667,0.5509,0.0475,-0.0763,0.0752,0.4138
CCA r0.05_d128,0.8275,0.8155,0.6847,0.0397,1.0943,0.0567,0.5358,0.0473,0.1493,0.0654,0.4655
CCA r0.1_d128,0.8073,0.7839,0.6518,0.0422,1.0647,0.0643,0.5001,0.0499,0.0155,0.0709,0.4655
CCA r0.3_d128,0.7826,0.7571,0.6124,0.045,1.037,0.0721,0.4506,0.0533,-0.1472,0.0767,0.4138
CCA r1_d128,0.7705,0.7326,0.5936,0.0465,1.0206,0.0758,0.4249,0.0549,-0.2284,0.0795,0.3793
