backbone,dataset,Gcca10_r0.002_d0,Gcca10_r0.002_d128,Gcca10_r0.002_d256,Gcca10_r0.002_d512,Gcca10_r0.005_d0,Gcca10_r0.005_d128,Gcca10_r0.005_d256,Gcca10_r0.005_d512,Gcca10_r0.01_d0,Gcca10_r0.01_d128,Gcca10_r0.01_d256,Gcca10_r0.01_d512,Gcca50_r0.002_d0,Gcca50_r0.002_d128,Gcca50_r0.002_d256,Gcca50_r0.002_d512,Gcca50_r0.005_d0,Gcca50_r0.005_d128,Gcca50_r0.005_d256,Gcca50_r0.005_d512,Gcca50_r0.01_d0,Gcca50_r0.01_d128,Gcca50_r0.01_d256,Gcca50_r0.01_d512,N50_eval,N50_train,R10_eval_raw,R50_eval_raw,R50_train,cca_corr10_r0.002,cca_corr10_r0.005,cca_corr10_r0.01,n_gallery,n_test,n_train,n_val,secs
clip-vitl14-laion2b,coco,-0.06653,-0.03900,-0.04773,-0.06540,-0.05820,-0.03793,-0.04473,-0.05733,-0.05907,-0.03933,-0.04400,-0.05807,-0.02327,-0.00747,-0.01573,-0.02293,-0.01853,-0.00827,-0.01173,-0.01900,-0.01760,-0.00887,-0.01133,-0.01767,0.04060,0.04620,0.78553,0.94993,0.94473,0.78420,0.65961,0.52956,5000,5000,20000,3000,10.50000
default,coco,-0.04021,-0.02327,-0.02060,-0.03561,-0.03934,-0.02661,-0.02260,-0.03441,-0.04047,-0.03467,-0.02914,-0.03661,-0.01000,-0.00187,-0.00667,-0.00954,-0.00793,-0.00267,-0.00567,-0.00753,-0.00974,-0.00453,-0.00587,-0.00807,0.02947,0.03327,0.82690,0.95786,0.95259,0.73330,0.58103,0.43916,4999,4999,20000,3000,18.90000
metaclip2-ww-huge,coco,-0.05700,-0.02233,-0.02920,-0.04540,-0.05560,-0.02960,-0.03280,-0.04680,-0.05907,-0.03807,-0.03780,-0.05033,-0.02080,-0.00467,-0.01093,-0.01760,-0.01860,-0.00520,-0.01093,-0.01627,-0.02067,-0.00867,-0.01273,-0.01800,0.04147,0.04893,0.78960,0.94927,0.94020,0.73836,0.59085,0.45248,5000,5000,20000,3000,16.10000
siglipv1-so400m-384,coco,-0.04500,-0.02660,-0.02520,-0.03707,-0.04393,-0.03313,-0.02687,-0.03793,-0.04753,-0.04080,-0.03360,-0.04100,-0.01147,-0.00113,-0.00353,-0.00993,-0.01047,-0.00347,-0.00560,-0.00887,-0.01367,-0.00600,-0.00607,-0.01173,0.03260,0.03773,0.82847,0.95933,0.95420,0.74062,0.59415,0.45594,5000,5000,20000,3000,18.90000
clip-vitl14-laion2b,facad,0.01067,0.02508,0.02241,0.00961,0.01601,0.02508,0.02348,0.01601,0.01868,0.02508,0.01974,0.01708,0.00907,0.01121,0.01227,0.00907,0.01121,0.01174,0.01387,0.01121,0.01014,0.01227,0.01281,0.01121,0.01814,0.01832,0.89488,0.97866,0.97581,0.75470,0.62270,0.49040,1874,1874,8754,1874,4.50000
default,facad,0.00374,0.00694,0.00961,0.00587,0.00694,0.00694,0.01067,0.00640,0.00534,0.00160,0.00854,0.00694,0.00053,0.00320,0.00053,0.00107,0.00053,0.00213,0.00107,0.00053,0.00053,0.00267,0.00160,0.00053,0.00587,0.00800,0.94450,0.99200,0.98951,0.71506,0.55864,0.41772,1874,1874,8754,1874,10.30000
fashionclip,facad,-0.00640,0.00000,0.00053,-0.00640,-0.00267,-0.00374,0.00107,-0.00267,-0.00267,-0.00374,0.00160,-0.00267,-0.00053,0.00854,0.00534,-0.00053,0.00907,0.00907,0.01067,0.00907,0.01014,0.00907,0.01014,0.01014,0.02615,0.02544,0.87033,0.96905,0.96496,0.76453,0.64076,0.51325,1874,1874,8754,1874,2.30000
marqo-fashionsiglip,facad,-0.01014,-0.00587,-0.00640,-0.01441,-0.00747,-0.00374,-0.00480,-0.00640,-0.01067,-0.00961,-0.00427,-0.00800,0.00320,0.00320,0.00374,0.00320,0.00427,0.00427,0.00534,0.00480,0.00427,0.00534,0.00427,0.00480,0.01281,0.00943,0.93330,0.98399,0.98737,0.73746,0.59073,0.45131,1874,1874,8754,1874,4.50000
metaclip2-ww-huge,facad,0.00213,0.01121,0.01067,0.00640,-0.00107,0.00480,0.00267,0.00427,-0.00640,-0.00053,0.00053,-0.00160,0.00640,0.00961,0.00694,0.00800,0.00800,0.00961,0.00800,0.00854,0.00694,0.00800,0.00747,0.00694,0.01547,0.01601,0.89488,0.97972,0.97901,0.72756,0.57933,0.44231,1874,1874,8754,1874,8.40000
siglipv1-so400m-384,facad,0.00427,0.00640,0.00427,0.00480,0.00267,-0.00267,0.00640,0.00374,-0.00053,-0.00534,0.00160,0.00320,-0.00374,-0.00267,-0.00320,-0.00267,-0.00213,-0.00213,-0.00267,-0.00160,-0.00213,-0.00160,-0.00053,-0.00053,0.00480,0.00907,0.94610,0.99360,0.98879,0.71487,0.55594,0.41334,1874,1874,8754,1874,10.20000
clip-vitl14-laion2b,fashion200k,0.00380,0.03221,0.01840,0.00560,0.02801,0.04321,0.03921,0.02801,0.03561,0.04881,0.04468,0.03521,0.00120,0.01660,0.00760,0.00060,0.01480,0.02380,0.01980,0.01560,0.01820,0.02661,0.02180,0.01860,0.06521,0.06135,0.71994,0.90258,0.91385,0.77372,0.65557,0.53142,4999,4999,50000,4999,15.40000
default,fashion200k,0.01920,0.05341,0.03787,0.02340,0.03761,0.05961,0.05081,0.03921,0.03661,0.05821,0.05121,0.04041,0.01080,0.02020,0.01420,0.01120,0.01620,0.02100,0.01960,0.01820,0.01920,0.02300,0.02040,0.01980,0.04561,0.03634,0.79096,0.94079,0.95046,0.75607,0.61422,0.47557,4999,4999,50000,4999,28.00000
fashionclip,fashion200k,-0.00920,0.01320,-0.00140,-0.00920,0.01180,0.02981,0.01980,0.01180,0.01714,0.03221,0.02561,0.01714,-0.00760,0.00140,-0.00380,-0.00760,0.00380,0.00920,0.00800,0.00380,0.00980,0.01280,0.01080,0.00980,0.07101,0.07275,0.68834,0.89818,0.89838,0.76540,0.65160,0.53164,4999,4999,50000,4999,9.60000
marqo-fashionsiglip,fashion200k,-0.02067,-0.00440,-0.01120,-0.01820,-0.00100,0.00820,0.00300,-0.00060,0.00100,0.01160,0.00840,0.00440,-0.00920,-0.00520,-0.00760,-0.01000,-0.00300,0.00100,-0.00140,-0.00260,-0.00080,0.00260,0.00160,-0.00040,0.02200,0.01967,0.86877,0.97239,0.97780,0.78927,0.66232,0.53039,4999,4999,50000,4999,15.40000
metaclip2-ww-huge,fashion200k,0.02721,0.06681,0.04301,0.03121,0.03821,0.06981,0.05281,0.04361,0.03841,0.06681,0.05161,0.04201,0.00900,0.02581,0.01480,0.01220,0.01280,0.02701,0.01920,0.01620,0.01280,0.02541,0.01940,0.01600,0.07421,0.07048,0.68614,0.88798,0.89978,0.73209,0.59560,0.46610,4999,4999,50000,4999,23.70000
siglipv1-so400m-384,fashion200k,0.02801,0.05381,0.04441,0.03381,0.04201,0.06201,0.05461,0.04421,0.04121,0.05921,0.05801,0.04801,0.01580,0.02180,0.02080,0.01900,0.01980,0.02440,0.02240,0.02100,0.02120,0.02220,0.02280,0.02160,0.04541,0.03641,0.80136,0.94219,0.95126,0.75465,0.61200,0.47377,4999,4999,50000,4999,28.10000
clip-vitl14-laion2b,goodnews,-0.03594,-0.04961,-0.03694,-0.03501,-0.02881,-0.04881,-0.03047,-0.02954,-0.02921,-0.04961,-0.03061,-0.02861,-0.02480,-0.01900,-0.01720,-0.02360,-0.01620,-0.01580,-0.01340,-0.01694,-0.01540,-0.01740,-0.01140,-0.01460,0.02781,0.02561,0.87678,0.94139,0.94699,0.68767,0.56312,0.43889,4999,4999,49998,5000,15.20000
default,goodnews,0.04901,0.03647,0.05274,0.05481,0.04794,0.02867,0.04714,0.04754,0.04047,0.01987,0.04261,0.04348,0.08408,0.07288,0.08742,0.08428,0.08348,0.06875,0.08342,0.08242,0.07562,0.06055,0.07842,0.07582,0.10662,0.10289,0.42589,0.58538,0.58392,0.48073,0.34426,0.24084,4999,4999,49998,5000,27.70000
metaclip2-ww-huge,goodnews,-0.01660,-0.03701,-0.01700,-0.01320,-0.01660,-0.04101,-0.02260,-0.01520,-0.02120,-0.04661,-0.02601,-0.01800,-0.00900,-0.01014,-0.00580,-0.00820,-0.00800,-0.01260,-0.00780,-0.00940,-0.00940,-0.01660,-0.00940,-0.00880,0.01720,0.01427,0.92739,0.96939,0.97333,0.68257,0.53429,0.39988,4999,4999,49998,5000,23.70000
siglipv1-so400m-384,goodnews,0.02881,0.01340,0.02934,0.02861,0.03101,0.00653,0.02601,0.02834,0.02814,-0.00260,0.01914,0.02581,0.03061,0.02841,0.03481,0.03321,0.03641,0.02861,0.03461,0.03861,0.03581,0.02267,0.03321,0.03847,0.05708,0.05488,0.72481,0.82156,0.82930,0.62565,0.49009,0.36790,4999,4999,49998,5000,28.00000
clip-vitl14-laion2b,nwpu,0.13873,0.13238,0.14127,0.13841,0.11968,0.11810,0.12730,0.12032,0.10984,0.10952,0.11937,0.11143,0.18190,0.17651,0.18032,0.18159,0.17206,0.16762,0.17365,0.17111,0.16413,0.16190,0.16794,0.16444,0.21016,0.21587,0.27746,0.69873,0.70011,0.77210,0.64950,0.52468,3150,3150,25199,3150,8.40000
default,nwpu,0.16413,0.14889,0.16254,0.16413,0.14413,0.13778,0.14222,0.14349,0.13524,0.12762,0.13841,0.13905,0.20476,0.20095,0.20444,0.20571,0.19143,0.18921,0.19556,0.19270,0.17905,0.17810,0.18159,0.17873,0.22540,0.21429,0.27587,0.67873,0.69333,0.71580,0.55997,0.42108,3150,3150,25199,3150,16.80000
georsclip-vitb32,nwpu,0.08444,0.08889,0.09238,0.08444,0.07683,0.07492,0.08095,0.07683,0.07048,0.07143,0.07714,0.07048,0.14667,0.14730,0.14857,0.14667,0.13302,0.13302,0.13492,0.13302,0.12730,0.12476,0.12889,0.12730,0.20825,0.21259,0.29016,0.70921,0.71344,0.73645,0.59711,0.46409,3150,3150,25199,3150,4.70000
metaclip2-ww-huge,nwpu,0.16444,0.14825,0.16444,0.16730,0.14032,0.12952,0.13587,0.14159,0.12317,0.11524,0.12730,0.12635,0.22476,0.21905,0.22762,0.22667,0.21333,0.20825,0.21238,0.21302,0.19810,0.19556,0.19841,0.20032,0.23873,0.24783,0.24095,0.64794,0.64603,0.71985,0.57364,0.44118,3150,3150,25199,3150,14.00000
remoteclip-vitl14,nwpu,0.14540,0.14190,0.14698,0.15048,0.12286,0.12063,0.13460,0.12635,0.11714,0.11429,0.11937,0.11778,0.17238,0.16825,0.17397,0.17333,0.16159,0.15714,0.16381,0.16222,0.15217,0.15143,0.15333,0.15206,0.20921,0.21238,0.29111,0.71016,0.70074,0.73496,0.59128,0.45475,3150,3150,25199,3150,8.50000
siglipv1-so400m-384,nwpu,0.18540,0.15873,0.18317,0.18698,0.16159,0.13810,0.16063,0.16190,0.14889,0.13016,0.14984,0.15143,0.18730,0.18349,0.19079,0.18857,0.17524,0.17365,0.17778,0.17810,0.16921,0.16476,0.16540,0.16889,0.21937,0.22751,0.26127,0.69238,0.69058,0.74410,0.59955,0.46430,3150,3150,25199,3150,16.70000
biomedclip,rocov2,-0.11628,-0.11618,-0.11622,-0.11628,-0.08596,-0.08593,-0.08589,-0.08596,-0.07186,-0.07179,-0.07182,-0.07186,-0.07384,-0.07374,-0.07377,-0.07384,-0.04939,-0.04936,-0.04939,-0.04939,-0.03778,-0.03774,-0.03778,-0.03778,0.06964,0.04164,0.68386,0.88889,0.94416,0.76714,0.66692,0.55275,9927,9927,59962,9903,21.90000
clip-vitl14-laion2b,rocov2,0.05215,0.05440,0.05739,0.05258,0.04782,0.04812,0.05352,0.04788,0.04402,0.04093,0.04604,0.04412,0.10403,0.11313,0.11464,0.10564,0.10409,0.10114,0.10849,0.10406,0.09701,0.09486,0.10033,0.09842,0.14667,0.13690,0.10043,0.22017,0.19180,0.55109,0.43750,0.33629,9927,9927,59962,9903,30.90000
default,rocov2,0.00544,0.00897,0.01457,0.00950,0.00745,0.01017,0.01551,0.01122,0.00608,0.00749,0.01239,0.00937,0.01890,0.02072,0.02586,0.02408,0.02176,0.02398,0.02861,0.02559,0.01639,0.01659,0.02488,0.02072,0.19321,0.20003,0.25244,0.48729,0.46029,0.63450,0.50459,0.38348,9927,9927,59962,9903,49.40000
medsiglip,rocov2,0.12461,0.12944,0.13072,0.12676,0.12286,0.12528,0.12669,0.12320,0.11548,0.11971,0.12196,0.11638,0.13942,0.14103,0.14563,0.14100,0.13757,0.13848,0.13982,0.13928,0.13102,0.13488,0.13603,0.13220,0.22377,0.21497,0.22511,0.48199,0.48393,0.78422,0.70243,0.60770,9927,9927,59962,9903,49.00000
metaclip2-ww-huge,rocov2,0.02512,0.03032,0.03351,0.02905,0.02189,0.02589,0.03133,0.02663,0.01780,0.02072,0.02619,0.02119,0.04140,0.04778,0.04996,0.04419,0.03992,0.04536,0.04778,0.04493,0.03479,0.04110,0.04201,0.03939,0.19113,0.20281,0.22813,0.44102,0.40717,0.65830,0.53366,0.41540,9927,9927,59962,9903,43.00000
siglipv1-so400m-384,rocov2,-0.01790,-0.01239,-0.00900,-0.00984,-0.01642,-0.01316,-0.00688,-0.01034,-0.02015,-0.01686,-0.01162,-0.01430,-0.01716,-0.00762,-0.00484,-0.01427,-0.01360,-0.00423,-0.00188,-0.00813,-0.01471,-0.00907,-0.00594,-0.00991,0.18656,0.19751,0.33531,0.58695,0.56157,0.70029,0.57568,0.45273,9927,9927,59962,9903,48.70000
clip-vitl14-laion2b,rsicd,0.10064,0.11131,0.10400,0.10034,0.09668,0.10796,0.11131,0.10034,0.10125,0.11680,0.10948,0.10125,0.13968,0.14517,0.13937,0.14059,0.15035,0.16041,0.15584,0.15035,0.15340,0.15950,0.15676,0.15523,0.15157,0.17444,0.30375,0.74352,0.73864,0.73369,0.61144,0.49085,1093,1093,8734,1094,3.90000
default,rsicd,0.07228,0.07594,0.07777,0.07411,0.07685,0.09027,0.08722,0.08143,0.08448,0.09363,0.09180,0.08539,0.11284,0.12199,0.11589,0.11375,0.12107,0.12565,0.12382,0.12107,0.11924,0.12504,0.12565,0.12138,0.14303,0.15737,0.34980,0.77371,0.76395,0.69467,0.55129,0.42161,1093,1093,8734,1094,9.40000
georsclip-vitb32,rsicd,0.10857,0.10034,0.10979,0.10857,0.10156,0.10064,0.10796,0.10156,0.10095,0.10217,0.10461,0.10095,0.18420,0.18054,0.18329,0.18420,0.18146,0.18512,0.18146,0.18146,0.18024,0.18542,0.18024,0.18024,0.17932,0.16224,0.29979,0.71699,0.73742,0.68502,0.54458,0.41850,1093,1093,8734,1094,1.80000
metaclip2-ww-huge,rsicd,0.09302,0.10156,0.09393,0.09851,0.09149,0.09607,0.09790,0.09332,0.08509,0.09302,0.09820,0.08539,0.13754,0.14181,0.13571,0.14059,0.14944,0.14456,0.14486,0.14761,0.14364,0.14639,0.14456,0.14486,0.15737,0.16011,0.32266,0.74108,0.75053,0.70044,0.56214,0.43589,1093,1093,8734,1094,7.60000
remoteclip-vitl14,rsicd,-0.02196,-0.02196,-0.02287,-0.01921,-0.01464,-0.01647,-0.00732,-0.00823,-0.01189,-0.00732,-0.00640,-0.00915,-0.02348,-0.01647,-0.02074,-0.02379,-0.00823,-0.00823,-0.00732,-0.00793,-0.00549,-0.00366,-0.00274,-0.00457,0.04544,0.02684,0.49741,0.94084,0.96920,0.74964,0.61304,0.47987,1093,1093,8734,1094,3.80000
siglipv1-so400m-384,rsicd,0.09576,0.10979,0.09759,0.09485,0.10125,0.10552,0.10979,0.09942,0.09332,0.11253,0.10582,0.09790,0.14547,0.15279,0.14974,0.14700,0.15706,0.15523,0.15523,0.15797,0.15645,0.15615,0.15554,0.15797,0.14852,0.16712,0.32662,0.74535,0.73681,0.71839,0.58395,0.45789,1093,1093,8734,1094,9.40000
clip-vitl14-laion2b,scimmir,0.10730,0.08336,0.11191,0.10730,0.10903,0.07442,0.10787,0.10903,0.10095,0.05769,0.09663,0.10355,0.09547,0.08047,0.10009,0.09749,0.10989,0.08134,0.10634,0.11134,0.10903,0.07615,0.10557,0.11105,0.12460,0.13816,0.41563,0.58523,0.56927,0.49726,0.39240,0.30115,3467,3467,16184,3467,7.50000
default,scimmir,0.08307,0.04413,0.07932,0.08249,0.07095,0.02048,0.06432,0.07182,0.05596,0.00548,0.04442,0.05798,0.09316,0.05999,0.08307,0.09115,0.09403,0.05076,0.08018,0.09230,0.08393,0.03836,0.07153,0.08451,0.13066,0.12874,0.38881,0.56014,0.55966,0.42406,0.31155,0.22442,3467,3467,16184,3467,14.90000
metaclip2-ww-huge,scimmir,0.06201,0.02394,0.05884,0.06432,0.05999,0.01096,0.04932,0.06057,0.04557,-0.00836,0.03029,0.04500,0.05394,0.03086,0.04903,0.05134,0.05105,0.02827,0.04673,0.04932,0.04298,0.01788,0.03923,0.04384,0.08884,0.09826,0.62186,0.76810,0.76608,0.56861,0.44902,0.34394,3467,3467,16184,3467,12.60000
siglipv1-so400m-384,scimmir,0.08682,0.02740,0.06663,0.08797,0.07615,0.01154,0.05942,0.07672,0.06259,-0.00923,0.04038,0.06057,0.06605,0.03461,0.06172,0.06692,0.07297,0.02596,0.05826,0.07153,0.06922,0.01961,0.05134,0.06634,0.10211,0.10047,0.62677,0.77041,0.76329,0.53027,0.40970,0.30799,3467,3467,16184,3467,15.00000
clip-vitl14-laion2b,semart,0.02152,0.02152,0.02993,0.01964,0.03368,0.02806,0.03274,0.03181,0.03274,0.02619,0.03555,0.03181,0.02432,0.02993,0.02245,0.02432,0.03929,0.03929,0.04116,0.04116,0.05519,0.04303,0.04677,0.05613,0.09542,0.09729,0.63798,0.81572,0.81291,0.61968,0.51016,0.40321,1069,1069,19244,1069,5.50000
default,semart,0.10945,0.08887,0.11506,0.11600,0.09822,0.08980,0.10477,0.09729,0.10384,0.08887,0.10196,0.09729,0.11319,0.11413,0.11880,0.11974,0.12067,0.11693,0.12629,0.12629,0.12067,0.10945,0.12348,0.11600,0.16370,0.16651,0.33209,0.54630,0.54069,0.43421,0.31755,0.22782,1069,1069,19244,1069,12.30000
metaclip2-ww-huge,semart,0.02339,0.00468,0.01497,0.02245,0.02245,0.00468,0.01497,0.02152,0.01310,0.00000,0.00842,0.01029,0.01497,0.02339,0.01964,0.02058,0.02619,0.02806,0.02713,0.03087,0.02339,0.02619,0.02245,0.02526,0.08326,0.06829,0.73994,0.87652,0.88400,0.62786,0.50008,0.38201,1069,1069,19244,1069,10.20000
siglipv1-so400m-384,semart,0.07390,0.04397,0.05893,0.07109,0.07390,0.04303,0.05519,0.07203,0.06268,0.03181,0.05426,0.05893,0.04116,0.03929,0.04397,0.04303,0.05332,0.05239,0.05613,0.05332,0.06174,0.05145,0.05519,0.05987,0.09074,0.09729,0.62956,0.82413,0.81603,0.57820,0.45465,0.34486,1069,1069,19244,1069,12.50000
biomedclip,skincap,-0.03679,-0.03679,-0.03679,-0.03679,0.00167,0.00167,0.00167,0.00167,0.03846,0.03846,0.03846,0.03846,-0.04181,-0.04181,-0.04181,-0.04181,0.02007,0.02007,0.02007,0.02007,0.05184,0.05184,0.05184,0.05184,0.17893,0.19732,0.40803,0.69900,0.65273,0.55638,0.46776,0.37869,598,598,2800,598,1.20000
clip-vitl14-laion2b,skincap,0.15552,0.16221,0.15050,0.15050,0.17726,0.17057,0.16555,0.17726,0.16555,0.17391,0.17559,0.17057,0.09030,0.11037,0.11204,0.09197,0.12542,0.13378,0.12207,0.12709,0.12876,0.13043,0.13712,0.12876,0.18562,0.20680,0.35786,0.65886,0.61538,0.53428,0.41157,0.30804,598,598,2800,598,2.80000
default,skincap,0.16722,0.15552,0.15552,0.16054,0.17893,0.17224,0.17893,0.17726,0.16054,0.16890,0.17391,0.16221,0.12207,0.14883,0.12876,0.12207,0.14548,0.14716,0.14548,0.14214,0.14381,0.15050,0.14214,0.14214,0.17893,0.18116,0.39967,0.68227,0.65273,0.52151,0.38196,0.27275,598,598,2800,598,7.40000
medsiglip,skincap,0.15552,0.15217,0.14548,0.14883,0.17391,0.16221,0.17057,0.17391,0.17057,0.17559,0.17726,0.16722,0.09699,0.10033,0.09532,0.09866,0.11873,0.11706,0.11371,0.11706,0.11538,0.11706,0.11873,0.11204,0.14716,0.15385,0.47157,0.73077,0.71070,0.64696,0.55562,0.46558,598,598,2800,598,7.40000
metaclip2-ww-huge,skincap,0.11204,0.11706,0.12876,0.12375,0.13880,0.13378,0.13712,0.14214,0.13545,0.14047,0.14381,0.14047,0.07860,0.08361,0.08863,0.07692,0.11037,0.10201,0.10702,0.10702,0.11538,0.10033,0.10702,0.11371,0.14381,0.16221,0.45652,0.72742,0.69008,0.54206,0.40911,0.29996,598,598,2800,598,5.90000
siglipv1-so400m-384,skincap,0.18729,0.19900,0.17224,0.18729,0.19398,0.20569,0.20569,0.19565,0.19398,0.19565,0.19231,0.19398,0.12040,0.11873,0.12709,0.12876,0.13545,0.13043,0.13043,0.13712,0.12876,0.12876,0.12876,0.12709,0.17224,0.18450,0.39967,0.70569,0.65998,0.54146,0.41088,0.30325,598,598,2800,598,7.40000
bioclip,treeoflife,0.03012,0.05912,0.05243,0.03012,0.05410,0.07920,0.07083,0.05410,0.06804,0.08143,0.07864,0.06804,0.07920,0.13330,0.10095,0.07920,0.12772,0.15114,0.14389,0.12772,0.15784,0.17011,0.16118,0.15784,0.15616,0.13720,0.10206,0.20970,0.22272,0.43281,0.32512,0.23852,1793,1793,8400,1793,2.20000
bioclip2,treeoflife,0.07808,0.09147,0.08979,0.07752,0.09370,0.08979,0.09481,0.09760,0.09481,0.08310,0.09537,0.09370,0.10429,0.12270,0.10039,0.10206,0.12437,0.12437,0.12493,0.12270,0.12623,0.12995,0.12270,0.12772,0.13608,0.13237,0.37479,0.54657,0.53579,0.54340,0.41251,0.30293,1793,1793,8400,1793,4.30000
clip-vitl14-laion2b,treeoflife,0.01506,0.02900,0.01952,0.01450,0.02621,0.03067,0.03681,0.02510,0.02844,0.03402,0.03681,0.03235,0.04518,0.06358,0.05354,0.04741,0.06470,0.07474,0.07139,0.06358,0.06748,0.07362,0.07641,0.06748,0.16899,0.17829,0.32460,0.52091,0.51441,0.58204,0.46270,0.35729,1793,1793,8400,1793,4.30000
default,treeoflife,0.04908,0.05633,0.05243,0.04518,0.04741,0.03904,0.05187,0.04071,0.04462,0.03123,0.04518,0.04183,0.04685,0.05410,0.04964,0.04406,0.05410,0.05689,0.05912,0.05689,0.05521,0.05466,0.05466,0.05466,0.16397,0.16564,0.34077,0.57446,0.56405,0.55189,0.41413,0.30424,1793,1793,8400,1793,10.00000
metaclip2-ww-huge,treeoflife,0.00781,0.02175,0.02566,0.01506,0.01617,0.01840,0.02789,0.01896,0.00892,0.01115,0.01840,0.01060,0.03179,0.04462,0.03458,0.03848,0.03514,0.03681,0.03960,0.03569,0.02956,0.03012,0.03514,0.03235,0.13497,0.14761,0.47407,0.68210,0.67020,0.61845,0.48212,0.36455,1793,1793,8400,1793,8.10000
siglipv1-so400m-384,treeoflife,0.02900,0.04518,0.03458,0.03235,0.03346,0.04406,0.03569,0.03681,0.03346,0.04350,0.03291,0.03291,0.06302,0.07529,0.07250,0.06079,0.07585,0.07195,0.07920,0.07697,0.07362,0.06693,0.07752,0.07418,0.16118,0.15951,0.40045,0.58840,0.58468,0.57227,0.43508,0.32312,1793,1793,8400,1793,10.20000
