dataset,backbone,n_train,n_val,n_test,n_gallery,raw_R50,both_gain50,N50_train,N50_eval,Gcca50_r0.005_d256,Gcca50_r0.02_d512,Gcca50_r0.05_d0,N50_id_err,CCA_loco_err
coco,clip-vitl14-laion2b,20000,3000,5000,5000,0.9508,0.0118,0.0462,0.0406,-0.0117,-0.0169,-0.0205,-0.0344,-0.0124
coco,default,20000,3000,4999,4999,0.9572,0.0063,0.0333,0.0295,-0.0057,-0.0103,-0.0141,-0.027,-0.0247
coco,metaclip2-ww-huge,20000,3000,5000,5000,0.9446,0.0189,0.0489,0.0415,-0.0109,-0.0211,-0.0297,-0.03,-0.0062
coco,siglipv1-so400m-384,20000,3000,5000,5000,0.9546,0.0177,0.0377,0.0326,-0.0056,-0.0146,-0.0238,-0.02,-0.0134
facad,clip-vitl14-laion2b,8754,1874,1874,1874,0.9728,0.0205,0.0183,0.0181,0.0139,0.0107,0.0096,0.0022,-0.0373
facad,default,8754,1874,1874,1874,0.9877,0.0072,0.008,0.0059,0.0011,0.0011,0.0016,-0.0008,-0.0367
facad,fashionclip,8754,1874,1874,1874,0.9637,0.0222,0.0254,0.0262,0.0107,0.008,0.0053,-0.0032,-0.0321
facad,marqo-fashionsiglip,8754,1874,1874,1874,0.984,0.0072,0.0094,0.0128,0.0053,0.0048,0.0043,-0.0022,-0.0413
facad,metaclip2-ww-huge,8754,1874,1874,1874,0.9829,0.007,0.016,0.0155,0.008,0.0059,0.0005,-0.009,-0.0444
facad,siglipv1-so400m-384,8754,1874,1874,1874,0.9872,0.0077,0.0091,0.0048,-0.0027,-0.0016,-0.0027,-0.0014,-0.0322
fashion200k,clip-vitl14-laion2b,50000,4999,4999,4999,0.9182,0.0594,0.0614,0.0652,0.0198,0.0196,0.0188,-0.002,0.0017
fashion200k,default,50000,4999,4999,4999,0.9536,0.0421,0.0363,0.0456,0.0196,0.0198,0.013,0.0058,-0.0154
fashion200k,fashionclip,50000,4999,4999,4999,0.8984,0.0679,0.0728,0.071,0.008,0.0106,0.0106,-0.0048,0.0236
fashion200k,marqo-fashionsiglip,50000,4999,4999,4999,0.9768,0.0205,0.0197,0.022,-0.0014,0.0004,0.0,0.0008,-0.0132
fashion200k,metaclip2-ww-huge,50000,4999,4999,4999,0.9026,0.0736,0.0705,0.0742,0.0192,0.0104,0.0006,0.0031,0.0166
fashion200k,siglipv1-so400m-384,50000,4999,4999,4999,0.9516,0.0458,0.0364,0.0454,0.0224,0.021,0.016,0.0094,-0.0149
goodnews,clip-vitl14-laion2b,49998,5000,4999,4999,0.9454,0.007,0.0256,0.0278,-0.0134,-0.0156,-0.018,-0.0186,-0.0145
goodnews,default,49998,5000,4999,4999,0.5825,0.1455,0.1029,0.1066,0.0834,0.0674,0.0506,0.0426,0.0154
goodnews,metaclip2-ww-huge,49998,5000,4999,4999,0.9738,0.0053,0.0143,0.0172,-0.0078,-0.0111,-0.0168,-0.009,-0.0225
goodnews,siglipv1-so400m-384,49998,5000,4999,4999,0.832,0.0705,0.0549,0.0571,0.0346,0.0324,0.0184,0.0156,-0.0049
nwpu,clip-vitl14-laion2b,25199,3150,3150,3150,0.6876,0.2522,0.2159,0.2102,0.1736,0.1584,0.1444,0.0363,0.0318
nwpu,default,25199,3150,3150,3150,0.6702,0.2815,0.2143,0.2254,0.1956,0.1743,0.1632,0.0672,0.038
nwpu,georsclip-vitb32,25199,3150,3150,3150,0.7273,0.2116,0.2126,0.2082,0.1349,0.1165,0.1082,-0.001,0.032
nwpu,metaclip2-ww-huge,25199,3150,3150,3150,0.6508,0.2925,0.2478,0.2387,0.2124,0.1879,0.1721,0.0447,0.0313
nwpu,remoteclip-vitl14,25199,3150,3150,3150,0.6981,0.2454,0.2124,0.2092,0.1638,0.1464,0.139,0.033,0.0354
nwpu,siglipv1-so400m-384,25199,3150,3150,3150,0.6959,0.2484,0.2275,0.2194,0.1778,0.159,0.1438,0.0209,0.0236
rocov2,biomedclip,59962,9903,9927,9927,0.8899,-0.0055,0.0416,0.0696,-0.0494,-0.0316,-0.031,-0.0471,0.0207
rocov2,clip-vitl14-laion2b,59962,9903,9927,9927,0.216,0.2159,0.1369,0.1467,0.1085,0.087,0.0715,0.079,0.0616
rocov2,default,59962,9903,9927,9927,0.4935,0.0874,0.2,0.1932,0.0286,0.0117,-0.0028,-0.1126,0.0244
rocov2,medsiglip,59962,9903,9927,9927,0.487,0.2286,0.215,0.2238,0.1398,0.1254,0.1126,0.0136,0.0384
rocov2,metaclip2-ww-huge,59962,9903,9927,9927,0.4387,0.1475,0.2028,0.1911,0.0478,0.0333,0.0147,-0.0553,0.0626
rocov2,siglipv1-so400m-384,59962,9903,9927,9927,0.5902,0.0701,0.1975,0.1866,-0.0019,-0.0174,-0.0315,-0.1274,0.042
rsicd,clip-vitl14-laion2b,8734,1094,1093,1093,0.7996,0.1043,0.1744,0.1516,0.1558,0.1549,0.143,-0.0701,-0.1336
rsicd,default,8734,1094,1093,1093,0.8042,0.1121,0.1574,0.143,0.1238,0.1211,0.1028,-0.0453,-0.0834
rsicd,georsclip-vitb32,8734,1094,1093,1093,0.7996,0.108,0.1622,0.1793,0.1815,0.1741,0.1686,-0.0542,-0.1638
rsicd,metaclip2-ww-huge,8734,1094,1093,1093,0.7722,0.1381,0.1601,0.1574,0.1449,0.1375,0.111,-0.022,-0.0853
rsicd,remoteclip-vitl14,8734,1094,1093,1093,0.9149,0.0284,0.0268,0.0454,-0.0073,-0.0037,-0.0037,0.0016,0.0065
rsicd,siglipv1-so400m-384,8734,1094,1093,1093,0.7731,0.1523,0.1671,0.1485,0.1552,0.1571,0.1314,-0.0148,-0.0848
scimmir,clip-vitl14-laion2b,16184,3467,3467,3467,0.5711,0.1741,0.1382,0.1246,0.1063,0.1021,0.0813,0.0359,0.0194
scimmir,default,16184,3467,3467,3467,0.5509,0.1449,0.1287,0.1307,0.0802,0.0672,0.0436,0.0162,0.0199
scimmir,metaclip2-ww-huge,16184,3467,3467,3467,0.7667,0.0995,0.0983,0.0888,0.0467,0.0314,0.0156,0.0012,0.0123
scimmir,siglipv1-so400m-384,16184,3467,3467,3467,0.7672,0.1112,0.1005,0.1021,0.0583,0.0525,0.0366,0.0107,0.011
semart,clip-vitl14-laion2b,19244,1069,1069,1069,0.8316,0.0777,0.0973,0.0954,0.0412,0.0524,0.0458,-0.0196,-0.0052
semart,default,19244,1069,1069,1069,0.5557,0.1796,0.1665,0.1637,0.1263,0.1141,0.1029,0.0131,0.0006
semart,metaclip2-ww-huge,19244,1069,1069,1069,0.8952,0.0496,0.0683,0.0833,0.0271,0.0253,0.0234,-0.0187,-0.0174
semart,siglipv1-so400m-384,19244,1069,1069,1069,0.8288,0.0739,0.0973,0.0907,0.0561,0.0571,0.0543,-0.0234,-0.0259
skincap,biomedclip,2800,598,598,598,0.6505,0.1062,0.1973,0.1789,0.0201,0.0619,0.0619,-0.0911,0.0498
skincap,clip-vitl14-laion2b,2800,598,598,598,0.6321,0.1881,0.2068,0.1856,0.1221,0.1321,0.1238,-0.0187,0.0159
skincap,default,2800,598,598,598,0.6555,0.1901,0.1812,0.1789,0.1455,0.1304,0.1271,0.0089,-0.0086
skincap,medsiglip,2800,598,598,598,0.6957,0.1613,0.1538,0.1472,0.1137,0.1204,0.1238,0.0074,-0.0014
skincap,metaclip2-ww-huge,2800,598,598,598,0.6856,0.1639,0.1622,0.1438,0.107,0.102,0.087,0.0017,0.0088
skincap,siglipv1-so400m-384,2800,598,598,598,0.6656,0.2081,0.1845,0.1722,0.1304,0.1254,0.1204,0.0236,0.0265
treeoflife,bioclip,8400,1793,1793,1793,0.2103,0.2942,0.1372,0.1562,0.1439,0.1768,0.1684,0.157,0.1029
treeoflife,bioclip2,8400,1793,1793,1793,0.5215,0.2074,0.1324,0.1361,0.1249,0.1288,0.1283,0.075,0.037
treeoflife,clip-vitl14-laion2b,8400,1793,1793,1793,0.4992,0.1492,0.1783,0.169,0.0714,0.0641,0.0519,-0.0291,0.0377
treeoflife,default,8400,1793,1793,1793,0.5499,0.1328,0.1656,0.164,0.0591,0.0457,0.0251,-0.0328,0.0348
treeoflife,metaclip2-ww-huge,8400,1793,1793,1793,0.6676,0.1188,0.1476,0.135,0.0396,0.0212,0.0028,-0.0288,0.0423
treeoflife,siglipv1-so400m-384,8400,1793,1793,1793,0.6018,0.1333,0.1595,0.1612,0.0792,0.0669,0.0491,-0.0262,0.0132
