backbone,dataset,Gcca10_r0.02_d0,Gcca10_r0.02_d128,Gcca10_r0.02_d256,Gcca10_r0.02_d512,Gcca10_r0.05_d0,Gcca10_r0.05_d128,Gcca10_r0.05_d256,Gcca10_r0.05_d512,Gcca10_r0.1_d0,Gcca10_r0.1_d128,Gcca10_r0.1_d256,Gcca10_r0.1_d512,Gcca10_r0.3_d0,Gcca10_r0.3_d128,Gcca10_r0.3_d256,Gcca10_r0.3_d512,Gcca10_r1_d0,Gcca10_r1_d128,Gcca10_r1_d256,Gcca10_r1_d512,Gcca50_r0.02_d0,Gcca50_r0.02_d128,Gcca50_r0.02_d256,Gcca50_r0.02_d512,Gcca50_r0.05_d0,Gcca50_r0.05_d128,Gcca50_r0.05_d256,Gcca50_r0.05_d512,Gcca50_r0.1_d0,Gcca50_r0.1_d128,Gcca50_r0.1_d256,Gcca50_r0.1_d512,Gcca50_r0.3_d0,Gcca50_r0.3_d128,Gcca50_r0.3_d256,Gcca50_r0.3_d512,Gcca50_r1_d0,Gcca50_r1_d128,Gcca50_r1_d256,Gcca50_r1_d512,N50_eval,N50_train,R10_eval_raw,R50_eval_raw,R50_train,cca_corr10_r0.02,cca_corr10_r0.05,cca_corr10_r0.1,cca_corr10_r0.3,cca_corr10_r1,n_gallery,n_test,n_train,n_val,secs
clip-vitl14-laion2b,coco,-0.06120,-0.04273,-0.04460,-0.06087,-0.06480,-0.04693,-0.04733,-0.06347,-0.06733,-0.04993,-0.05100,-0.06660,-0.06980,-0.05220,-0.05280,-0.06853,-0.07060,-0.05327,-0.05420,-0.06953,-0.01767,-0.01053,-0.01167,-0.01687,-0.02047,-0.01307,-0.01380,-0.02000,-0.02293,-0.01433,-0.01593,-0.02267,-0.02587,-0.01647,-0.01713,-0.02553,-0.02707,-0.01707,-0.01860,-0.02680,0.04060,0.04620,0.78553,0.94993,0.94473,0.38547,0.21622,0.12588,0.04734,0.01489,5000,5000,20000,3000,16.20000
default,coco,-0.04534,-0.04181,-0.03447,-0.03947,-0.05061,-0.05194,-0.04154,-0.04548,-0.05534,-0.05721,-0.04528,-0.04894,-0.05848,-0.06188,-0.04841,-0.05368,-0.06008,-0.06461,-0.05054,-0.05534,-0.01154,-0.00727,-0.00733,-0.01034,-0.01414,-0.01000,-0.00954,-0.01247,-0.01547,-0.01234,-0.01100,-0.01474,-0.01800,-0.01460,-0.01314,-0.01640,-0.01927,-0.01627,-0.01380,-0.01707,0.02947,0.03327,0.82690,0.95786,0.95259,0.29950,0.15575,0.08707,0.03161,0.00980,4999,4999,20000,3000,29.50000
metaclip2-ww-huge,coco,-0.06453,-0.04547,-0.04560,-0.05787,-0.07580,-0.05733,-0.05473,-0.06707,-0.08200,-0.06493,-0.06133,-0.07427,-0.08893,-0.07087,-0.06680,-0.07907,-0.09120,-0.07267,-0.06820,-0.08133,-0.02393,-0.01367,-0.01593,-0.02107,-0.02967,-0.01927,-0.01993,-0.02527,-0.03200,-0.02180,-0.02213,-0.02760,-0.03460,-0.02447,-0.02447,-0.02980,-0.03700,-0.02527,-0.02580,-0.03160,0.04147,0.04893,0.78960,0.94927,0.94020,0.31362,0.16640,0.09404,0.03446,0.01072,5000,5000,20000,3000,25.20000
siglipv1-so400m-384,coco,-0.05433,-0.05080,-0.03993,-0.04800,-0.06667,-0.06487,-0.05167,-0.05893,-0.07293,-0.07320,-0.05987,-0.06593,-0.08033,-0.08173,-0.06847,-0.07313,-0.08420,-0.08687,-0.07307,-0.07727,-0.01653,-0.01127,-0.01167,-0.01460,-0.02380,-0.01973,-0.01753,-0.02167,-0.02787,-0.02587,-0.02120,-0.02493,-0.03340,-0.03107,-0.02540,-0.03020,-0.03513,-0.03400,-0.02860,-0.03233,0.03260,0.03773,0.82847,0.95933,0.95420,0.31677,0.16870,0.09561,0.03515,0.01095,5000,5000,20000,3000,29.30000
clip-vitl14-laion2b,facad,0.01441,0.01708,0.01654,0.01494,0.00854,0.00854,0.00747,0.01067,0.00427,0.00640,0.00694,0.00427,-0.00160,0.00213,0.00427,-0.00160,-0.00427,-0.00160,-0.00053,-0.00480,0.01067,0.01121,0.01121,0.01067,0.00961,0.00961,0.01014,0.00961,0.00907,0.00907,0.00961,0.00854,0.00747,0.00747,0.00800,0.00694,0.00587,0.00694,0.00747,0.00587,0.01814,0.01832,0.89488,0.97866,0.97581,0.34953,0.19150,0.11022,0.04109,0.01288,1874,1874,8754,1874,7.20000
default,facad,0.00320,-0.00213,0.00480,0.00587,-0.00427,-0.00694,0.00213,-0.00107,-0.00534,-0.00907,-0.00320,-0.00534,-0.00907,-0.01334,-0.00640,-0.00694,-0.00961,-0.01494,-0.00694,-0.00747,0.00107,0.00160,0.00213,0.00107,0.00160,0.00000,0.00160,0.00160,0.00053,-0.00053,0.00160,0.00160,0.00000,-0.00107,0.00107,-0.00107,0.00000,-0.00107,0.00107,-0.00107,0.00587,0.00800,0.94450,0.99200,0.98951,0.28231,0.14560,0.08109,0.02934,0.00908,1874,1874,8754,1874,16.60000
fashionclip,facad,-0.00907,-0.00854,-0.00107,-0.00907,-0.01334,-0.01227,-0.00800,-0.01334,-0.01921,-0.02028,-0.01227,-0.01921,-0.02508,-0.02668,-0.01868,-0.02508,-0.02882,-0.02721,-0.02028,-0.02882,0.00800,0.01067,0.01014,0.00800,0.00534,0.00427,0.00587,0.00534,0.00374,0.00160,0.00427,0.00374,0.00107,0.00053,0.00160,0.00107,0.00053,0.00000,0.00107,0.00053,0.02615,0.02544,0.87033,0.96905,0.96496,0.37276,0.20880,0.12160,0.04579,0.01442,1874,1874,8754,1874,3.60000
marqo-fashionsiglip,facad,-0.01281,-0.01067,-0.00587,-0.01174,-0.01921,-0.01814,-0.01067,-0.01868,-0.02348,-0.02081,-0.01601,-0.02295,-0.02615,-0.02348,-0.01814,-0.02348,-0.02615,-0.02455,-0.01814,-0.02401,0.00427,0.00480,0.00480,0.00480,0.00427,0.00480,0.00480,0.00480,0.00427,0.00320,0.00480,0.00427,0.00427,0.00213,0.00534,0.00427,0.00320,0.00160,0.00534,0.00320,0.01281,0.00943,0.93330,0.98399,0.98737,0.31099,0.16339,0.09177,0.03343,0.01037,1874,1874,8754,1874,7.10000
metaclip2-ww-huge,facad,-0.01601,-0.01227,-0.00961,-0.01174,-0.02988,-0.02081,-0.02668,-0.02561,-0.03415,-0.02828,-0.03095,-0.03255,-0.03949,-0.03148,-0.03575,-0.03842,-0.04216,-0.03255,-0.03895,-0.04055,0.00427,0.00854,0.00694,0.00587,0.00053,0.00320,0.00480,0.00427,-0.00107,0.00053,0.00213,0.00053,-0.00160,0.00000,0.00000,-0.00107,-0.00160,-0.00107,-0.00213,-0.00160,0.01547,0.01601,0.89488,0.97972,0.97901,0.30622,0.16293,0.09245,0.03405,0.01062,1874,1874,8754,1874,13.70000
siglipv1-so400m-384,facad,-0.00480,-0.01174,-0.00427,-0.00427,-0.01387,-0.01494,-0.00907,-0.01121,-0.01494,-0.01814,-0.01174,-0.01387,-0.01814,-0.02348,-0.01334,-0.01761,-0.02028,-0.02455,-0.01601,-0.01921,-0.00213,-0.00213,-0.00160,-0.00160,-0.00267,-0.00427,-0.00320,-0.00213,-0.00587,-0.00534,-0.00427,-0.00480,-0.00640,-0.00747,-0.00534,-0.00694,-0.00694,-0.00747,-0.00587,-0.00694,0.00480,0.00907,0.94610,0.99360,0.98879,0.27729,0.14161,0.07843,0.02824,0.00872,1874,1874,8754,1874,16.70000
clip-vitl14-laion2b,fashion200k,0.03321,0.04561,0.04461,0.03321,0.02761,0.03761,0.03541,0.02841,0.01940,0.02881,0.02901,0.02080,0.01440,0.02440,0.02060,0.01540,0.01040,0.02100,0.01900,0.01180,0.01960,0.02581,0.02160,0.01960,0.01880,0.02541,0.02260,0.01900,0.01680,0.02340,0.01980,0.01640,0.01520,0.02140,0.01740,0.01520,0.01340,0.01960,0.01420,0.01340,0.06521,0.06135,0.71994,0.90258,0.91385,0.39179,0.22386,0.13188,0.05020,0.01587,4999,4999,50000,4999,23.60000
default,fashion200k,0.03501,0.05101,0.04961,0.03921,0.02921,0.04261,0.03701,0.03361,0.02407,0.03241,0.03041,0.02601,0.01740,0.02561,0.02260,0.01780,0.01260,0.02080,0.01960,0.01380,0.01920,0.02180,0.01940,0.01980,0.01300,0.01560,0.01580,0.01480,0.01100,0.01200,0.01320,0.01140,0.00860,0.00980,0.01120,0.00880,0.00720,0.00800,0.00880,0.00640,0.04561,0.03634,0.79096,0.94079,0.95046,0.33256,0.17777,0.10078,0.03701,0.01153,4999,4999,50000,4999,43.20000
fashionclip,fashion200k,0.01760,0.03121,0.02581,0.01760,0.01460,0.02841,0.02320,0.01460,0.00980,0.02180,0.01840,0.00980,0.00240,0.01480,0.00880,0.00240,-0.00240,0.01020,0.00240,-0.00240,0.01060,0.01420,0.01100,0.01060,0.01060,0.01100,0.01100,0.01060,0.00800,0.00740,0.00880,0.00800,0.00300,0.00560,0.00580,0.00300,0.00240,0.00480,0.00360,0.00240,0.07101,0.07275,0.68834,0.89818,0.89838,0.39563,0.22914,0.13618,0.05228,0.01660,4999,4999,50000,4999,14.30000
marqo-fashionsiglip,fashion200k,0.00200,0.01040,0.00680,0.00160,-0.00180,0.00580,0.00320,-0.00060,-0.00600,0.00120,-0.00120,-0.00440,-0.00980,-0.00140,-0.00580,-0.00880,-0.01220,-0.00460,-0.00720,-0.01120,0.00020,0.00320,0.00220,0.00040,0.00000,0.00080,0.00280,0.00040,-0.00120,-0.00080,0.00000,-0.00140,-0.00360,-0.00140,-0.00140,-0.00280,-0.00440,-0.00200,-0.00160,-0.00400,0.02200,0.01967,0.86877,0.97239,0.97780,0.38516,0.21557,0.12538,0.04712,0.01482,4999,4999,50000,4999,23.40000
metaclip2-ww-huge,fashion200k,0.03181,0.05861,0.04621,0.03901,0.01840,0.04581,0.02901,0.02120,0.00640,0.03281,0.01600,0.00980,-0.00440,0.02340,0.00787,-0.00020,-0.00720,0.01900,0.00380,-0.00440,0.00840,0.02080,0.01500,0.01040,0.00060,0.01220,0.00460,0.00200,-0.00740,0.00580,0.00040,-0.00540,-0.01340,0.00200,-0.00520,-0.00960,-0.01500,-0.00120,-0.00700,-0.01160,0.07421,0.07048,0.68614,0.88798,0.89978,0.33246,0.18366,0.10643,0.03995,0.01256,4999,4999,50000,4999,36.00000
siglipv1-so400m-384,fashion200k,0.03841,0.05201,0.05501,0.04481,0.02741,0.04041,0.04281,0.03281,0.02280,0.03321,0.03461,0.02721,0.01600,0.02801,0.02621,0.01980,0.01380,0.02681,0.02280,0.01640,0.02060,0.02200,0.02160,0.02100,0.01600,0.01840,0.01960,0.01780,0.01500,0.01560,0.01680,0.01580,0.01220,0.01320,0.01360,0.01320,0.01080,0.01080,0.01120,0.01180,0.04541,0.03641,0.80136,0.94219,0.95126,0.33169,0.17784,0.10107,0.03722,0.01161,4999,4999,50000,4999,43.10000
clip-vitl14-laion2b,goodnews,-0.03034,-0.05621,-0.03281,-0.03034,-0.03641,-0.06401,-0.03881,-0.03561,-0.03921,-0.06681,-0.04301,-0.03841,-0.04421,-0.07241,-0.04501,-0.04301,-0.04594,-0.07522,-0.04741,-0.04514,-0.01580,-0.01914,-0.01260,-0.01560,-0.01800,-0.02320,-0.01660,-0.01760,-0.01980,-0.02841,-0.01800,-0.02020,-0.02240,-0.03081,-0.02160,-0.02180,-0.02260,-0.03281,-0.02300,-0.02220,0.02781,0.02561,0.87678,0.94139,0.94699,0.30835,0.16524,0.09371,0.03442,0.01072,4999,4999,49998,5000,23.40000
default,goodnews,0.03387,0.00767,0.03774,0.03707,0.02687,-0.00367,0.02547,0.02987,0.02227,-0.00733,0.01887,0.02474,0.01607,-0.01394,0.01267,0.01887,0.01387,-0.01594,0.01020,0.01707,0.06541,0.05174,0.06581,0.06741,0.05061,0.03454,0.04981,0.05381,0.04041,0.02741,0.04354,0.04581,0.03301,0.01667,0.03721,0.03621,0.03047,0.01367,0.03347,0.03461,0.10662,0.10289,0.42589,0.58538,0.58392,0.15374,0.07522,0.04092,0.01454,0.00447,4999,4999,49998,5000,42.90000
metaclip2-ww-huge,goodnews,-0.02601,-0.05741,-0.03421,-0.02501,-0.03321,-0.07101,-0.04201,-0.03421,-0.04081,-0.07922,-0.04841,-0.03941,-0.04481,-0.09022,-0.05641,-0.04534,-0.04741,-0.09382,-0.06181,-0.04821,-0.01220,-0.02160,-0.01340,-0.01114,-0.01680,-0.03301,-0.02040,-0.01540,-0.02174,-0.03941,-0.02460,-0.02020,-0.02621,-0.04561,-0.02841,-0.02420,-0.02821,-0.04901,-0.03181,-0.02721,0.01720,0.01427,0.92739,0.96939,0.97333,0.27019,0.13940,0.07779,0.02826,0.00877,4999,4999,49998,5000,36.20000
siglipv1-so400m-384,goodnews,0.01740,-0.01447,0.00894,0.01574,0.00313,-0.03647,-0.00407,0.00433,-0.00507,-0.04821,-0.01387,-0.00353,-0.01860,-0.05961,-0.02541,-0.01667,-0.02420,-0.06921,-0.03147,-0.02147,0.03341,0.01200,0.02641,0.03241,0.01840,-0.00420,0.01280,0.01780,0.00860,-0.01400,0.00200,0.01000,-0.00240,-0.03001,-0.00960,-0.00240,-0.01040,-0.03734,-0.01600,-0.01034,0.05708,0.05488,0.72481,0.82156,0.82930,0.24993,0.13010,0.07306,0.02674,0.00833,4999,4999,49998,5000,43.30000
clip-vitl14-laion2b,nwpu,0.10159,0.10540,0.10730,0.10127,0.09651,0.10000,0.10222,0.09778,0.09397,0.09206,0.09905,0.09397,0.08984,0.08571,0.09651,0.09048,0.08794,0.08381,0.09270,0.08635,0.15746,0.15270,0.15873,0.15841,0.14444,0.14286,0.14794,0.14444,0.13873,0.14286,0.14190,0.13841,0.13397,0.13968,0.13905,0.13365,0.13175,0.13714,0.13683,0.13111,0.21016,0.21587,0.27746,0.69873,0.70011,0.38699,0.22285,0.13247,0.05102,0.01624,3150,3150,25199,3150,12.90000
default,nwpu,0.12825,0.12222,0.12952,0.13016,0.12127,0.11365,0.12063,0.12254,0.11397,0.10476,0.11651,0.11333,0.10667,0.09746,0.10794,0.11016,0.10413,0.09556,0.10571,0.10762,0.17397,0.17175,0.17143,0.17429,0.16317,0.16159,0.16508,0.16381,0.15873,0.15619,0.15873,0.15905,0.15302,0.15079,0.15492,0.15460,0.15206,0.14762,0.14984,0.15206,0.22540,0.21429,0.27587,0.67873,0.69333,0.28766,0.15129,0.08546,0.03139,0.00978,3150,3150,25199,3150,26.40000
georsclip-vitb32,nwpu,0.06603,0.06635,0.06794,0.06603,0.06159,0.05905,0.06476,0.06159,0.05873,0.05492,0.06159,0.05873,0.05810,0.05429,0.05873,0.05810,0.05683,0.05270,0.05651,0.05683,0.11651,0.11810,0.11873,0.11651,0.10825,0.11048,0.10952,0.10825,0.10635,0.10698,0.10730,0.10635,0.10349,0.10222,0.10571,0.10349,0.10000,0.10032,0.10381,0.10000,0.20825,0.21259,0.29016,0.70921,0.71344,0.32774,0.17889,0.10311,0.03860,0.01213,3150,3150,25199,3150,7.20000
metaclip2-ww-huge,nwpu,0.11746,0.10952,0.11587,0.11905,0.10952,0.10063,0.10603,0.11016,0.09968,0.09270,0.10063,0.10413,0.09524,0.09111,0.09365,0.09683,0.09492,0.08921,0.09587,0.09429,0.18857,0.18635,0.18508,0.18794,0.17206,0.17175,0.17460,0.17397,0.16063,0.16349,0.16444,0.16508,0.15365,0.15492,0.15397,0.15619,0.14889,0.15048,0.15048,0.15143,0.23873,0.24783,0.24095,0.64794,0.64603,0.30976,0.16887,0.09746,0.03654,0.01149,3150,3150,25199,3150,21.90000
remoteclip-vitl14,nwpu,0.10794,0.10698,0.10635,0.11079,0.09841,0.09651,0.10127,0.09873,0.09492,0.09333,0.09778,0.09524,0.09302,0.08857,0.09651,0.09429,0.09429,0.08794,0.09619,0.09238,0.14571,0.14698,0.14794,0.14635,0.13905,0.14032,0.14159,0.13937,0.13492,0.13492,0.13683,0.13651,0.13175,0.13111,0.13397,0.13206,0.13048,0.13079,0.13238,0.13016,0.20921,0.21238,0.29111,0.71016,0.70074,0.31640,0.16851,0.09545,0.03506,0.01092,3150,3150,25199,3150,13.00000
siglipv1-so400m-384,nwpu,0.13651,0.11810,0.13905,0.14063,0.12921,0.11090,0.12476,0.12857,0.12381,0.10889,0.12000,0.12444,0.11651,0.10095,0.11556,0.11683,0.11524,0.09683,0.11333,0.11651,0.15714,0.15619,0.15524,0.15905,0.14381,0.14095,0.14476,0.14571,0.13619,0.13492,0.13683,0.13810,0.13175,0.12667,0.13175,0.13206,0.12571,0.12444,0.12794,0.12730,0.21937,0.22751,0.26127,0.69238,0.69058,0.32736,0.17887,0.10335,0.03883,0.01223,3150,3150,25199,3150,26.40000
biomedclip,rocov2,-0.06118,-0.06118,-0.06118,-0.06118,-0.05369,-0.05366,-0.05369,-0.05369,-0.05144,-0.05144,-0.05144,-0.05144,-0.05097,-0.05094,-0.05097,-0.05097,-0.04956,-0.04949,-0.04953,-0.04956,-0.03160,-0.03160,-0.03160,-0.03160,-0.03096,-0.03096,-0.03096,-0.03096,-0.03096,-0.03093,-0.03096,-0.03096,-0.02995,-0.02995,-0.02995,-0.02995,-0.03005,-0.03005,-0.03005,-0.03005,0.06964,0.04164,0.68386,0.88889,0.94416,0.41610,0.24265,0.14434,0.05538,0.01757,9927,9927,59962,9903,33.50000
clip-vitl14-laion2b,rocov2,0.03499,0.03670,0.03949,0.03536,0.02727,0.02774,0.03166,0.02767,0.02297,0.02314,0.02757,0.02357,0.01934,0.02015,0.02324,0.01984,0.01729,0.01958,0.02089,0.01763,0.08579,0.08663,0.09137,0.08697,0.07152,0.07041,0.07898,0.07196,0.06598,0.06464,0.07156,0.06612,0.05920,0.05896,0.06380,0.06021,0.05645,0.05638,0.06152,0.05755,0.14667,0.13690,0.10043,0.22017,0.19180,0.23605,0.12816,0.07354,0.02735,0.00856,9927,9927,59962,9903,47.10000
default,rocov2,0.00064,0.00222,0.00557,0.00366,-0.00937,-0.00507,-0.00198,-0.00712,-0.01555,-0.01058,-0.00850,-0.01209,-0.02159,-0.01629,-0.01417,-0.01857,-0.02387,-0.01897,-0.01713,-0.02028,0.00863,0.01031,0.01471,0.01169,-0.00275,-0.00175,0.00319,-0.00024,-0.00944,-0.00843,-0.00544,-0.00725,-0.01702,-0.01548,-0.01185,-0.01424,-0.02025,-0.01827,-0.01508,-0.01592,0.19321,0.20003,0.25244,0.48729,0.46029,0.26333,0.13810,0.07756,0.02826,0.00877,9927,9927,59962,9903,74.60000
medsiglip,rocov2,0.10644,0.11094,0.11299,0.10732,0.09503,0.09919,0.10050,0.09624,0.08549,0.09117,0.09395,0.08670,0.07726,0.08613,0.08549,0.07867,0.07381,0.08170,0.08197,0.07626,0.12448,0.12934,0.12760,0.12538,0.11259,0.12098,0.11769,0.11487,0.10460,0.11517,0.11141,0.10614,0.09664,0.10631,0.10322,0.09966,0.09200,0.09859,0.09889,0.09368,0.22377,0.21497,0.22511,0.48199,0.48393,0.48697,0.31346,0.19988,0.08272,0.02724,9927,9927,59962,9903,74.60000
metaclip2-ww-huge,rocov2,0.01078,0.01464,0.01770,0.01538,0.00148,0.00363,0.00581,0.00584,-0.00625,-0.00346,-0.00124,-0.00235,-0.01383,-0.01125,-0.00863,-0.01142,-0.01662,-0.01514,-0.01132,-0.01343,0.02794,0.03546,0.03640,0.03328,0.01467,0.01981,0.02401,0.01971,0.00426,0.01273,0.01326,0.00897,-0.00668,0.00252,0.00279,-0.00148,-0.01162,-0.00373,-0.00346,-0.00645,0.19113,0.20281,0.22813,0.44102,0.40717,0.29390,0.16036,0.09223,0.03440,0.01079,9927,9927,59962,9903,64.60000
siglipv1-so400m-384,rocov2,-0.02643,-0.02394,-0.01981,-0.02307,-0.03751,-0.03032,-0.02804,-0.03264,-0.04271,-0.03606,-0.03593,-0.03962,-0.04953,-0.04281,-0.04170,-0.04594,-0.05248,-0.04761,-0.04493,-0.04953,-0.02159,-0.01504,-0.01034,-0.01739,-0.03150,-0.02337,-0.02267,-0.02787,-0.03992,-0.03099,-0.03005,-0.03361,-0.04808,-0.03549,-0.03885,-0.04234,-0.04996,-0.03969,-0.04214,-0.04516,0.18656,0.19751,0.33531,0.58695,0.56157,0.32288,0.17722,0.10209,0.03808,0.01194,9927,9927,59962,9903,75.10000
clip-vitl14-laion2b,rsicd,0.09668,0.11711,0.10582,0.09668,0.10034,0.11314,0.09790,0.09851,0.10217,0.11131,0.10308,0.10674,0.09485,0.10674,0.10125,0.09576,0.09302,0.10582,0.09851,0.09485,0.15401,0.15493,0.15584,0.15493,0.14303,0.15035,0.15127,0.14303,0.13693,0.14486,0.14486,0.13846,0.12870,0.13205,0.13571,0.12839,0.11924,0.13022,0.12717,0.11924,0.15157,0.17444,0.30375,0.74352,0.73864,0.36032,0.20675,0.12275,0.04727,0.01505,1093,1093,8734,1094,6.10000
default,rsicd,0.07868,0.08570,0.08387,0.07990,0.06618,0.07960,0.07990,0.07075,0.05642,0.06984,0.06801,0.06343,0.05916,0.06343,0.06618,0.05855,0.05246,0.05977,0.05977,0.05642,0.11833,0.12565,0.12107,0.12107,0.10278,0.11009,0.10674,0.10308,0.09820,0.10552,0.10095,0.10003,0.08631,0.09058,0.08905,0.08814,0.07472,0.08356,0.07960,0.07807,0.14303,0.15737,0.34980,0.77371,0.76395,0.29362,0.15822,0.09074,0.03387,0.01064,1093,1093,8734,1094,15.10000
georsclip-vitb32,rsicd,0.10826,0.11253,0.10918,0.10826,0.10400,0.11162,0.10765,0.10400,0.09942,0.11131,0.10582,0.09942,0.10034,0.10400,0.10857,0.10034,0.10125,0.10582,0.10491,0.10125,0.17414,0.18146,0.17658,0.17414,0.16865,0.17414,0.17139,0.16865,0.17139,0.17322,0.16956,0.17139,0.16499,0.17139,0.16682,0.16499,0.16499,0.16712,0.16346,0.16499,0.17932,0.16224,0.29979,0.71699,0.73742,0.29344,0.15909,0.09128,0.03397,0.01064,1093,1093,8734,1094,2.80000
metaclip2-ww-huge,rsicd,0.07685,0.09027,0.09271,0.07899,0.06618,0.08631,0.07167,0.06953,0.06618,0.07014,0.06801,0.06587,0.05977,0.06557,0.05520,0.05947,0.05428,0.06099,0.05154,0.05489,0.13663,0.13571,0.13388,0.13754,0.11101,0.11192,0.11314,0.11162,0.09058,0.09180,0.08997,0.09180,0.07502,0.07502,0.07716,0.07563,0.06953,0.07167,0.06709,0.06984,0.15737,0.16011,0.32266,0.74108,0.75053,0.30882,0.17013,0.09882,0.03732,0.01179,1093,1093,8734,1094,12.30000
remoteclip-vitl14,rsicd,-0.00457,0.00457,0.00274,-0.00274,0.00183,0.01281,0.00823,0.00640,0.00183,0.01006,0.00732,0.00366,0.00274,0.01464,0.01738,0.00640,-0.00091,0.01555,0.01830,0.00823,-0.00366,0.00091,0.00030,-0.00366,-0.00366,0.00000,-0.00152,-0.00335,-0.00793,-0.00457,-0.00457,-0.00701,-0.01067,-0.00335,-0.00610,-0.01067,-0.01250,-0.00518,-0.00884,-0.01159,0.04544,0.02684,0.49741,0.94084,0.96920,0.34013,0.18501,0.10596,0.03929,0.01228,1093,1093,8734,1094,6.20000
siglipv1-so400m-384,rsicd,0.09058,0.10339,0.09607,0.09149,0.08509,0.10095,0.08600,0.08509,0.07960,0.08814,0.08234,0.08417,0.07594,0.08722,0.08082,0.07777,0.07777,0.08326,0.08051,0.08051,0.15462,0.15157,0.15797,0.15706,0.13144,0.14486,0.13876,0.13510,0.12138,0.12687,0.12168,0.12321,0.10582,0.11528,0.11314,0.10796,0.09851,0.10948,0.10491,0.09942,0.14852,0.16712,0.32662,0.74535,0.73681,0.32786,0.18291,0.10712,0.04083,0.01295,1093,1093,8734,1094,15.20000
clip-vitl14-laion2b,scimmir,0.09057,0.04211,0.08538,0.09028,0.06086,0.01731,0.05451,0.06259,0.04644,-0.00260,0.03548,0.04615,0.02769,-0.01731,0.02077,0.02942,0.02019,-0.02596,0.01211,0.02077,0.10124,0.06230,0.09749,0.10211,0.08134,0.04471,0.07413,0.08192,0.06547,0.02538,0.06317,0.06576,0.04903,0.01010,0.04788,0.04846,0.04384,0.00433,0.04355,0.04327,0.12460,0.13816,0.41563,0.58523,0.56927,0.21177,0.11585,0.06699,0.02515,0.00791,3467,3467,16184,3467,11.70000
default,scimmir,0.03952,-0.01183,0.03086,0.04125,0.01846,-0.03865,0.00461,0.01731,0.00519,-0.04759,-0.00798,0.00029,-0.00865,-0.05509,-0.01615,-0.00865,-0.01500,-0.06028,-0.02048,-0.01327,0.06519,0.02336,0.05336,0.06721,0.04355,-0.00087,0.03663,0.04528,0.03029,-0.01125,0.01990,0.03173,0.01673,-0.02567,0.00548,0.01875,0.01038,-0.02884,0.00000,0.01183,0.13066,0.12874,0.38881,0.56014,0.55966,0.14814,0.07549,0.04201,0.01523,0.00472,3467,3467,16184,3467,23.70000
metaclip2-ww-huge,scimmir,0.02682,-0.03346,0.00865,0.02307,-0.00836,-0.07413,-0.02221,-0.00721,-0.02711,-0.09489,-0.04413,-0.02740,-0.05278,-0.11912,-0.06576,-0.04817,-0.06701,-0.12749,-0.07788,-0.06346,0.03259,0.00577,0.02740,0.03144,0.01558,-0.01529,0.01096,0.01298,-0.00144,-0.03836,-0.00808,-0.00202,-0.02394,-0.06403,-0.03461,-0.02077,-0.03432,-0.07759,-0.04413,-0.03577,0.08884,0.09826,0.62186,0.76810,0.76608,0.24178,0.13321,0.07790,0.02980,0.00949,3467,3467,16184,3467,19.60000
siglipv1-so400m-384,scimmir,0.03807,-0.02625,0.02307,0.04182,0.01673,-0.05855,-0.00461,0.01702,-0.00663,-0.07528,-0.02711,-0.00375,-0.02654,-0.09345,-0.04355,-0.02509,-0.03202,-0.10268,-0.05048,-0.03057,0.05480,0.00461,0.04240,0.05249,0.03663,-0.01759,0.02163,0.03404,0.02481,-0.03317,0.00779,0.02336,0.00721,-0.05019,-0.00923,0.00490,-0.00173,-0.05798,-0.01990,-0.00375,0.10211,0.10047,0.62677,0.77041,0.76329,0.21205,0.11345,0.06490,0.02416,0.00758,3467,3467,16184,3467,23.50000
clip-vitl14-laion2b,semart,0.02619,0.02152,0.03368,0.02432,0.01964,0.01216,0.02900,0.01871,0.01871,0.00187,0.01123,0.01684,0.00468,-0.00935,0.00655,0.00561,0.00000,-0.01123,0.00281,0.00000,0.04958,0.04210,0.04958,0.05239,0.04584,0.03461,0.03742,0.04490,0.03742,0.03274,0.03368,0.03648,0.03181,0.03181,0.02339,0.02993,0.02806,0.03087,0.02245,0.02900,0.09542,0.09729,0.63798,0.81572,0.81291,0.29007,0.16189,0.09452,0.03581,0.01131,1069,1069,19244,1069,8.60000
default,semart,0.09448,0.07484,0.08793,0.09261,0.08326,0.06455,0.08326,0.08793,0.07858,0.05800,0.07671,0.08326,0.07390,0.05706,0.07109,0.07297,0.07203,0.05332,0.07109,0.07016,0.11506,0.08980,0.11413,0.11413,0.10290,0.08232,0.09635,0.10103,0.09167,0.07671,0.08700,0.09355,0.08513,0.07016,0.08232,0.08793,0.08700,0.06829,0.08138,0.08887,0.16370,0.16651,0.33209,0.54630,0.54069,0.14969,0.07587,0.04210,0.01523,0.00471,1069,1069,19244,1069,19.60000
metaclip2-ww-huge,semart,0.00655,-0.00374,0.00281,0.01029,0.00187,-0.01123,0.00281,0.00561,-0.00187,-0.02058,-0.01123,0.00000,-0.00842,-0.03368,-0.01497,-0.00468,-0.01123,-0.03742,-0.01403,-0.00655,0.02900,0.02713,0.02619,0.02526,0.02339,0.01871,0.01684,0.02432,0.02058,0.01497,0.01403,0.02058,0.01777,0.01029,0.01216,0.01964,0.01777,0.00935,0.01123,0.01964,0.08326,0.06829,0.73994,0.87652,0.88400,0.26484,0.14136,0.08041,0.02970,0.00927,1069,1069,19244,1069,15.90000
siglipv1-so400m-384,semart,0.04397,0.02152,0.03742,0.04584,0.02713,0.01871,0.02900,0.03461,0.02526,0.01310,0.02245,0.02619,0.02432,0.00374,0.01964,0.02432,0.02152,0.00094,0.01684,0.02339,0.05987,0.04771,0.05145,0.05706,0.05426,0.04303,0.04771,0.05519,0.04677,0.03555,0.03555,0.04490,0.04022,0.02619,0.03274,0.04022,0.03555,0.02245,0.02900,0.03835,0.09074,0.09729,0.62956,0.82413,0.81603,0.23825,0.12722,0.07251,0.02685,0.00840,1069,1069,19244,1069,19.80000
biomedclip,skincap,0.03846,0.03846,0.03846,0.03846,0.05184,0.05184,0.05184,0.05184,0.04181,0.04181,0.04181,0.04181,0.04849,0.04849,0.04849,0.04849,0.05184,0.05184,0.05184,0.05184,0.06187,0.06187,0.06187,0.06187,0.06187,0.06187,0.06187,0.06187,0.06187,0.06187,0.06187,0.06187,0.05853,0.05853,0.05853,0.05853,0.05853,0.05853,0.05853,0.05853,0.17893,0.19732,0.40803,0.69900,0.65273,0.28002,0.16109,0.09534,0.03644,0.01154,598,598,2800,598,1.80000
clip-vitl14-laion2b,skincap,0.16722,0.17559,0.17893,0.17224,0.15719,0.16555,0.16388,0.15719,0.15217,0.15886,0.16221,0.15552,0.14883,0.15217,0.15217,0.14716,0.14214,0.14047,0.14883,0.14214,0.13378,0.12709,0.13545,0.13211,0.12375,0.12207,0.12375,0.12375,0.11706,0.11706,0.12709,0.11538,0.11371,0.11037,0.11706,0.11538,0.11204,0.10535,0.11371,0.11204,0.18562,0.20680,0.35786,0.65886,0.61538,0.20987,0.10973,0.06162,0.02247,0.00698,598,598,2800,598,4.50000
default,skincap,0.14883,0.14716,0.14716,0.14548,0.12876,0.13378,0.13545,0.13211,0.12207,0.12876,0.12542,0.12375,0.11706,0.12040,0.11538,0.11538,0.11538,0.11706,0.11371,0.11371,0.13043,0.13880,0.13545,0.13043,0.12709,0.12207,0.13043,0.12709,0.11037,0.11538,0.11873,0.11538,0.10201,0.10535,0.09699,0.10535,0.09699,0.09866,0.09532,0.09699,0.17893,0.18116,0.39967,0.68227,0.65273,0.17777,0.08911,0.04912,0.01767,0.00546,598,598,2800,598,12.00000
medsiglip,skincap,0.17391,0.17057,0.16890,0.17057,0.16555,0.16221,0.16555,0.16388,0.16054,0.14716,0.15886,0.15886,0.14548,0.14381,0.15050,0.14883,0.13880,0.14047,0.14047,0.13880,0.12040,0.12207,0.11706,0.12040,0.12375,0.11371,0.12207,0.12542,0.11371,0.11204,0.11371,0.11371,0.10870,0.10535,0.10870,0.10535,0.10535,0.10201,0.10201,0.10201,0.14716,0.15385,0.47157,0.73077,0.71070,0.36154,0.22457,0.14028,0.05683,0.01852,598,598,2800,598,12.10000
metaclip2-ww-huge,skincap,0.13378,0.13712,0.14716,0.13712,0.11371,0.11371,0.12542,0.12207,0.11037,0.10535,0.12040,0.11371,0.09532,0.10033,0.10535,0.10033,0.09197,0.09030,0.09197,0.09866,0.10033,0.09197,0.10033,0.10201,0.08696,0.08027,0.08696,0.08696,0.08194,0.08027,0.08528,0.08361,0.07860,0.07692,0.07692,0.07860,0.07358,0.07525,0.07692,0.07525,0.14381,0.16221,0.45652,0.72742,0.69008,0.20010,0.10235,0.05690,0.02058,0.00637,598,598,2800,598,9.70000
siglipv1-so400m-384,skincap,0.18395,0.17726,0.18227,0.19231,0.16722,0.17057,0.17559,0.17726,0.16388,0.16388,0.16555,0.16221,0.15385,0.16054,0.15217,0.15552,0.14214,0.15385,0.14548,0.14548,0.12375,0.12876,0.13043,0.12542,0.12040,0.12709,0.12375,0.12040,0.11538,0.12207,0.11371,0.11371,0.10702,0.10870,0.10201,0.10702,0.10033,0.10201,0.09866,0.10201,0.17224,0.18450,0.39967,0.70569,0.65998,0.20405,0.10566,0.05918,0.02156,0.00670,598,598,2800,598,12.80000
bioclip,treeoflife,0.06860,0.08477,0.07920,0.06860,0.07529,0.08868,0.07808,0.07529,0.07418,0.08812,0.07529,0.07418,0.06637,0.08477,0.07362,0.06637,0.06525,0.08143,0.07418,0.06525,0.17680,0.17289,0.17680,0.17680,0.16843,0.17959,0.18126,0.16843,0.17457,0.17513,0.17847,0.17457,0.17122,0.17345,0.17847,0.17122,0.17178,0.17234,0.17680,0.17178,0.15616,0.13720,0.10206,0.20970,0.22272,0.15956,0.08187,0.04555,0.01648,0.00510,1793,1793,8400,1793,3.50000
bioclip2,treeoflife,0.09035,0.08756,0.08645,0.08979,0.08366,0.08422,0.08422,0.08533,0.08366,0.07752,0.07808,0.08254,0.07697,0.07362,0.07418,0.07697,0.07306,0.07139,0.07306,0.07418,0.12939,0.12883,0.12883,0.12883,0.12828,0.12605,0.12716,0.12772,0.12493,0.12270,0.12437,0.12437,0.12326,0.11712,0.11601,0.12549,0.12103,0.11601,0.11154,0.12326,0.13608,0.13237,0.37479,0.54657,0.53579,0.20239,0.10401,0.05810,0.02114,0.00657,1793,1793,8400,1793,7.00000
clip-vitl14-laion2b,treeoflife,0.02733,0.02844,0.03402,0.02789,0.02008,0.02064,0.02677,0.02064,0.01562,0.01673,0.01729,0.01506,0.01171,0.01115,0.01115,0.01394,0.00837,0.00725,0.00892,0.00613,0.06470,0.06637,0.07083,0.06414,0.05187,0.05856,0.05577,0.05187,0.04629,0.05075,0.05131,0.04573,0.03960,0.04294,0.04573,0.03904,0.03737,0.04127,0.04406,0.03848,0.16899,0.17829,0.32460,0.52091,0.51441,0.25357,0.14129,0.08292,0.03165,0.01004,1793,1793,8400,1793,7.00000
default,treeoflife,0.03625,0.02287,0.03625,0.03291,0.02119,0.01450,0.02342,0.02008,0.01171,0.00502,0.01562,0.01004,0.00335,0.00056,0.00948,0.00558,0.00167,-0.00223,0.00502,0.00279,0.04350,0.04462,0.04573,0.04573,0.02510,0.02287,0.02287,0.02733,0.00837,0.01450,0.01115,0.01004,-0.00167,0.00669,0.00279,0.00112,-0.00502,0.00056,0.00223,-0.00390,0.16397,0.16564,0.34077,0.57446,0.56405,0.20541,0.10782,0.06105,0.02250,0.00702,1793,1793,8400,1793,16.40000
metaclip2-ww-huge,treeoflife,0.00669,0.00613,0.00669,0.00502,-0.02008,-0.01394,-0.01227,-0.01562,-0.03012,-0.02733,-0.02287,-0.02733,-0.04183,-0.03960,-0.03179,-0.03904,-0.04685,-0.04239,-0.03402,-0.04741,0.01896,0.01506,0.02733,0.02119,0.00279,0.00056,0.01283,0.00446,-0.00948,-0.01283,0.00223,-0.00335,-0.01896,-0.01952,-0.01450,-0.01562,-0.02454,-0.02064,-0.01952,-0.02119,0.13497,0.14761,0.47407,0.68210,0.67020,0.25278,0.13692,0.07904,0.02970,0.00935,1793,1793,8400,1793,13.20000
siglipv1-so400m-384,treeoflife,0.02119,0.03067,0.02510,0.02398,0.00502,0.01729,0.01785,0.00837,0.00056,0.00837,0.00892,0.00223,-0.00446,-0.00446,0.00446,-0.00335,-0.00502,-0.00781,0.00112,-0.00446,0.06637,0.05131,0.05912,0.06693,0.04908,0.04796,0.05131,0.05131,0.04294,0.04294,0.04573,0.04406,0.03458,0.03625,0.04294,0.03514,0.02956,0.03235,0.03960,0.03402,0.16118,0.15951,0.40045,0.58840,0.58468,0.22039,0.11704,0.06672,0.02474,0.00775,1793,1793,8400,1793,16.40000
