dataset,mtag,raw_R50,csls_k10_gain50,qbnorm_b20_gain50,centerboth_gain50,gapclose_sym_l0.5_gain50,meanshift_gain50
coco,clip-vitl14-laion2b,0.9508,0.007,0.004,-0.0198,-0.0448,-0.0752
coco,default,0.9571914382876575,0.0004,-0.0004,-0.0096,-0.0462,-0.0784
coco,metaclip2-ww-huge,0.9446,0.0094,0.0072,-0.008,-0.0782,-0.1216
coco,siglipv1-so400m-384,0.9546,0.0054,-0.001,-0.0104,-0.059,-0.0966
facad,clip-vitl14-laion2b,0.9727854855923159,0.0075,0.0101,0.008,-0.0176,-0.032
facad,default,0.987726787620064,0.0016,0.0,0.0,-0.0197,-0.0368
facad,fashionclip,0.9637139807897546,0.0032,0.0043,-0.0011,-0.0149,-0.032
facad,marqo-fashionsiglip,0.983991462113127,-0.0011,0.0005,-0.0016,-0.0075,-0.0261
facad,metaclip2-ww-huge,0.9829242262540021,0.0027,-0.0016,0.0032,-0.0934,-0.1638
facad,siglipv1-so400m-384,0.9871931696905016,0.0037,0.0032,0.0037,-0.0283,-0.0582
fashion200k,clip-vitl14-laion2b,0.9181836367273455,0.012,-0.0022,-0.0138,-0.0302,-0.0528
fashion200k,default,0.9535907181436287,0.0066,0.0008,-0.0052,-0.0402,-0.0848
fashion200k,fashionclip,0.8983796759351871,0.0134,-0.002,-0.0158,-0.032,-0.0564
fashion200k,marqo-fashionsiglip,0.9767953590718144,0.0042,-0.0028,-0.01,-0.0172,-0.0322
fashion200k,metaclip2-ww-huge,0.9025805161032207,0.0196,0.0036,-0.011,-0.0908,-0.14
fashion200k,siglipv1-so400m-384,0.9515903180636127,0.0098,0.0076,-0.0008,-0.0444,-0.0832
goodnews,clip-vitl14-laion2b,0.9453890778155631,0.0008,-0.0018,-0.005,-0.0188,-0.0436
goodnews,default,0.5825165033006602,0.0196,0.0242,0.0258,-0.1384,-0.1904
goodnews,metaclip2-ww-huge,0.9737947589517904,0.0032,-0.0024,-0.004,-0.027,-0.0516
goodnews,siglipv1-so400m-384,0.8319663932786557,0.016,0.018,0.021,-0.0182,-0.0544
nwpu,clip-vitl14-laion2b,0.6876190476190476,0.0511,0.0371,0.0079,-0.0273,-0.0435
nwpu,default,0.6701587301587302,0.0762,0.0422,0.0371,-0.0476,-0.0705
nwpu,georsclip-vitb32,0.7273015873015873,0.02,-0.0178,-0.0213,-0.1765,-0.2368
nwpu,metaclip2-ww-huge,0.6507936507936508,0.0749,0.0229,0.0083,-0.1343,-0.1832
nwpu,remoteclip-vitl14,0.6980952380952381,0.0403,0.0438,0.0279,-0.0352,-0.0543
nwpu,siglipv1-so400m-384,0.6958730158730159,0.0502,0.0302,0.0168,-0.0717,-0.0997
rocov2,biomedclip,0.8898962425707666,0.001,-0.0043,-0.014,-0.0288,-0.0421
rocov2,clip-vitl14-laion2b,0.21597662939458043,0.0209,0.0079,0.0154,-0.0541,-0.0688
rocov2,default,0.4935025687518888,0.0227,-0.0018,-0.0127,-0.0918,-0.1148
rocov2,medsiglip,0.48695476981968366,0.0719,0.0842,0.0413,0.027,0.0224
rocov2,metaclip2-ww-huge,0.4387025284577415,0.0339,0.0178,-0.0002,-0.0826,-0.1052
rocov2,siglipv1-so400m-384,0.5902085222121487,0.013,-0.0091,-0.0241,-0.0916,-0.1146
rsicd,clip-vitl14-laion2b,0.7996340347666971,0.0156,0.0284,0.0238,-0.0348,-0.0613
rsicd,default,0.8042086001829826,0.0174,0.0229,0.0183,-0.0833,-0.1061
rsicd,georsclip-vitb32,0.7996340347666971,-0.0101,0.0064,0.0128,-0.1912,-0.2315
rsicd,metaclip2-ww-huge,0.7721866422689845,0.0494,0.0348,0.0357,-0.1125,-0.1738
rsicd,remoteclip-vitl14,0.9149130832570905,0.0064,0.0137,0.0064,-0.0073,-0.021
rsicd,siglipv1-so400m-384,0.7731015553522416,0.0293,0.0457,0.0375,-0.0796,-0.107
scimmir,clip-vitl14-laion2b,0.5710989327949235,0.0583,0.0528,0.0666,-0.1119,-0.1719
scimmir,default,0.5509085664839919,0.0329,0.0164,0.0317,-0.2077,-0.2708
scimmir,metaclip2-ww-huge,0.7666570522065186,0.0303,0.0127,0.0153,-0.1471,-0.2007
scimmir,siglipv1-so400m-384,0.7672339198154023,0.0309,0.011,0.0205,-0.1347,-0.2036
semart,clip-vitl14-laion2b,0.8316183348924229,0.014,0.0019,0.0,-0.0196,-0.0365
semart,default,0.5556594948550047,0.0468,0.0327,0.044,-0.0776,-0.1169
semart,metaclip2-ww-huge,0.8952291861552854,0.0028,-0.0075,-0.0168,-0.0449,-0.0814
semart,siglipv1-so400m-384,0.8288119738072965,0.0178,0.014,0.0056,-0.0337,-0.0702
skincap,biomedclip,0.6505016722408027,0.0318,0.0452,0.0351,-0.005,-0.0134
skincap,clip-vitl14-laion2b,0.6321070234113713,0.0251,0.0502,0.0385,-0.1204,-0.1388
skincap,default,0.6555183946488294,0.0485,0.0686,0.0569,-0.1388,-0.1572
skincap,medsiglip,0.6956521739130435,0.0652,0.0686,0.0585,0.0167,0.0167
skincap,metaclip2-ww-huge,0.68561872909699,0.0602,0.0686,0.0569,-0.1321,-0.1689
skincap,siglipv1-so400m-384,0.6655518394648829,0.0418,0.0602,0.0619,-0.0836,-0.1054
treeoflife,bioclip,0.2102621305075293,0.0457,0.0948,0.0982,0.0686,0.0446
treeoflife,bioclip2,0.5214723926380368,0.0374,0.0513,0.0424,0.0006,-0.0067
treeoflife,clip-vitl14-laion2b,0.4991634132738427,0.029,0.0312,0.0284,-0.0329,-0.0502
treeoflife,default,0.5499163413273843,0.0151,0.019,0.0167,-0.082,-0.1121
treeoflife,metaclip2-ww-huge,0.6675962074735081,0.0134,0.0156,-0.0011,-0.0853,-0.121
treeoflife,siglipv1-so400m-384,0.6017847183491355,0.0201,0.0257,0.0145,-0.0653,-0.1093
