dataset,mtag,n_train,raw_R10,raw_R50,txt_nd,img_nd,text_R10,text_R50,text_gain50,text_ddprime,image_R10,image_R50,image_gain50,image_ddprime,both_R10,both_R50,both_gain50,both_ddprime,shared_R10,shared_R50,shared_gain50,shared_ddprime
coco,clip-vitl14-laion2b,20000,0.7806,0.9508,0.1685,0.0714,0.786,0.9579,0.0071,0.4418,0.8066,0.9638,0.013,0.1036,0.8037,0.9626,0.0118,0.3574,0.7947,0.9598,0.009,0.2496
coco,default,20000,0.8167633526705341,0.9571914382876575,0.1303,0.1534,0.8208,0.9597,0.0025,0.2577,0.8389,0.9665,0.0093,0.1319,0.8316,0.9635,0.0063,0.1336,0.8279,0.963,0.0058,0.0959
coco,metaclip2-ww-huge,20000,0.7824,0.9446,0.1668,0.0859,,,,,,,,,0.8152,0.9635,0.0189,0.2258,0.802,0.9588,0.0142,0.0185
coco,siglipv1-so400m-384,20000,0.8198,0.9546,0.1804,0.1323,,,,,,,,,0.8458,0.9723,0.0177,0.5463,0.8413,0.9714,0.0168,0.4713
facad,clip-vitl14-laion2b,8754,0.8895410885805763,0.9727854855923159,0.0529,0.0848,,,,,,,,,0.9424,0.9933,0.0205,0.5051,0.9392,0.9912,0.0184,0.3065
facad,default,8754,0.9402347918890075,0.987726787620064,0.0783,0.1534,0.965,0.9944,0.0067,0.3495,0.9605,0.9939,0.0062,0.1006,0.9693,0.9949,0.0072,0.5207,0.964,0.9947,0.007,0.2834
facad,fashionclip,8754,0.8697972251867663,0.9637139807897546,0.2051,0.1398,0.8909,0.984,0.0203,0.3786,0.9077,0.984,0.0203,0.5089,0.905,0.9859,0.0222,0.5359,0.897,0.9835,0.0198,0.4064
facad,marqo-fashionsiglip,8754,0.9290288153681964,0.983991462113127,0.1502,0.1896,,,,,,,,,0.9474,0.9912,0.0072,0.192,0.9434,0.9893,0.0053,-0.069
facad,metaclip2-ww-huge,8754,0.9087513340448239,0.9829242262540021,0.0925,0.376,,,,,,,,,0.9368,0.9899,0.007,0.4252,0.9362,0.9891,0.0062,0.467
facad,siglipv1-so400m-384,8754,0.9418356456776947,0.9871931696905016,0.0998,0.2137,,,,,,,,,0.9661,0.9949,0.0077,0.6204,0.9645,0.9952,0.008,0.4016
fashion200k,clip-vitl14-laion2b,50000,0.7403480696139227,0.9181836367273455,0.2706,0.056,,,,,,,,,0.8826,0.9776,0.0594,0.7939,0.8623,0.976,0.0578,0.6245
fashion200k,default,50000,0.8047609521904381,0.9535907181436287,0.21,0.1114,0.9182,0.9868,0.0332,0.5883,0.931,0.9925,0.0389,0.5939,0.9496,0.9957,0.0421,0.6777,0.9372,0.9941,0.0405,0.4452
fashion200k,fashionclip,50000,0.7045409081816363,0.8983796759351871,0.489,0.1381,,,,,,,,,0.8434,0.9663,0.0679,0.8007,0.8256,0.9592,0.0608,0.664
fashion200k,marqo-fashionsiglip,50000,0.8767753550710142,0.9767953590718144,0.2874,0.1584,,,,,,,,,0.954,0.9973,0.0205,0.5914,0.948,0.9962,0.0194,0.4825
fashion200k,metaclip2-ww-huge,50000,0.7041408281656332,0.9025805161032207,0.2559,0.0869,0.8177,0.9541,0.0515,0.623,0.8517,0.9701,0.0675,0.5533,0.8772,0.9762,0.0736,0.6438,0.8584,0.9717,0.0691,0.5471
fashion200k,siglipv1-so400m-384,50000,0.8113622724544909,0.9515903180636127,0.2347,0.1019,,,,,,,,,0.9501,0.9974,0.0458,0.7414,0.9422,0.996,0.0444,0.5694
goodnews,clip-vitl14-laion2b,49998,0.8789757951590318,0.9453890778155631,0.0155,0.0165,,,,,,,,,0.8844,0.9524,0.007,0.2715,0.8815,0.9519,0.0065,0.1636
goodnews,default,49998,0.4396879375875175,0.5825165033006602,0.2492,0.1706,0.5071,0.6973,0.1148,0.7409,0.499,0.6813,0.0988,0.6716,0.5387,0.728,0.1455,0.7565,0.5316,0.7135,0.131,0.7179
goodnews,metaclip2-ww-huge,49998,0.9315863172634526,0.9737947589517904,0.0141,0.0375,,,,,,,,,0.9401,0.9791,0.0053,0.6402,0.939,0.9797,0.0059,0.5041
goodnews,siglipv1-so400m-384,49998,0.7293458691738348,0.8319663932786557,0.0105,0.0515,,,,,,,,,0.8045,0.9025,0.0705,0.4066,0.7987,0.8959,0.0639,0.2846
nwpu,clip-vitl14-laion2b,25199,0.2815873015873016,0.6876190476190476,0.883,0.781,0.4786,0.9071,0.2195,1.1119,0.5063,0.9148,0.2272,1.1792,0.5806,0.9398,0.2522,1.3646,0.5419,0.9256,0.238,1.1256
nwpu,default,25199,0.2777777777777778,0.6701587301587302,0.8678,0.9862,0.4487,0.8978,0.2276,1.0637,0.5459,0.9315,0.2613,1.3395,0.5925,0.9517,0.2815,1.4761,0.5858,0.9461,0.2759,1.2786
nwpu,georsclip-vitb32,25199,0.28539682539682537,0.7273015873015873,0.9986,0.9297,0.4746,0.909,0.1817,0.8986,0.4457,0.8957,0.1684,1.2855,0.5684,0.9389,0.2116,1.2128,0.541,0.9292,0.2019,1.024
nwpu,metaclip2-ww-huge,25199,0.2346031746031746,0.6507936507936508,0.9015,0.8231,0.4202,0.8863,0.2355,1.0985,0.4989,0.9222,0.2714,1.2941,0.5662,0.9433,0.2925,1.4585,0.537,0.9341,0.2833,1.2607
nwpu,remoteclip-vitl14,25199,0.2812698412698413,0.6980952380952381,0.9685,0.9111,0.4852,0.9032,0.2051,1.25,0.494,0.9162,0.2181,1.3201,0.587,0.9435,0.2454,1.3874,0.5503,0.933,0.2349,1.1158
nwpu,siglipv1-so400m-384,25199,0.2673015873015873,0.6958730158730159,0.8666,0.966,,,,,,,,,0.6044,0.9443,0.2484,1.5976,0.5751,0.9398,0.2439,1.2891
rocov2,biomedclip,59962,0.6868137403042208,0.8898962425707666,0.3395,0.2974,,,,,,,,,0.6701,0.8844,-0.0055,0.2534,0.6657,0.8815,-0.0084,0.1749
rocov2,clip-vitl14-laion2b,59962,0.10063463281958296,0.21597662939458043,0.0715,0.8044,0.15,0.3409,0.1249,0.7305,0.2021,0.4089,0.1929,0.8387,0.2219,0.4319,0.2159,0.9866,0.1985,0.4024,0.1864,0.8828
rocov2,default,59962,0.257479601087942,0.4935025687518888,0.1749,0.905,,,,,,,,,0.3541,0.6126,0.1191,0.5783,0.3415,0.6016,0.1081,0.5121
rocov2,medsiglip,59962,0.2246398710587287,0.48695476981968366,0.6821,0.3841,0.4116,0.6899,0.2029,0.8597,0.4016,0.6802,0.1932,0.726,0.4539,0.7156,0.2286,1.1563,0.4448,0.7095,0.2225,1.1036
rocov2,metaclip2-ww-huge,59962,0.23098619925455827,0.4387025284577415,0.114,0.8204,,,,,,,,,0.3351,0.5862,0.1475,0.7444,0.3267,0.5758,0.1371,0.6936
rocov2,siglipv1-so400m-384,59962,0.336556865115342,0.5902085222121487,0.1941,0.917,,,,,,,,,0.399,0.6603,0.0701,0.6176,0.3908,0.6503,0.0601,0.5366
rsicd,clip-vitl14-laion2b,8734,0.36322049405306495,0.7996340347666971,0.6946,0.7474,,,,,,,,,0.5059,0.9039,0.1043,0.553,0.5018,0.9007,0.1011,0.5794
rsicd,default,8734,0.4373284537968893,0.8042086001829826,0.6801,0.9093,0.5238,0.9199,0.1157,0.6296,0.5544,0.9039,0.0997,0.5438,0.5627,0.9163,0.1121,0.5673,0.5535,0.9177,0.1135,0.5418
rsicd,georsclip-vitb32,8734,0.4089661482159195,0.7996340347666971,0.989,0.92,,,,,,,,,0.5101,0.9076,0.108,0.6092,0.5064,0.8994,0.0998,0.549
rsicd,metaclip2-ww-huge,8734,0.3870082342177493,0.7721866422689845,0.7074,0.7389,,,,,,,,,0.5041,0.9103,0.1381,0.5154,0.5146,0.9135,0.1413,0.5357
rsicd,remoteclip-vitl14,8734,0.5397987191216834,0.9149130832570905,0.8646,0.8969,,,,,,,,,0.5837,0.9433,0.0284,0.3823,0.5791,0.9392,0.0243,0.337
rsicd,siglipv1-so400m-384,8734,0.4162854528819762,0.7731015553522416,0.7015,0.8397,0.522,0.9236,0.1505,0.9132,0.5361,0.9085,0.1354,0.7038,0.5517,0.9254,0.1523,0.8647,0.5489,0.9241,0.151,0.8456
scimmir,clip-vitl14-laion2b,16184,0.4038073262186328,0.5710989327949235,0.0783,0.158,0.5017,0.6999,0.1288,0.6511,0.5472,0.7263,0.1552,0.7167,0.5593,0.7452,0.1741,0.9172,0.5424,0.7245,0.1534,0.8132
scimmir,default,16184,0.3818863570810499,0.5509085664839919,0.211,0.2209,0.4466,0.6539,0.103,0.3661,0.4612,0.6498,0.0989,0.3976,0.5105,0.6958,0.1449,0.6698,0.481,0.6757,0.1248,0.5565
scimmir,metaclip2-ww-huge,16184,0.61349870204788,0.7666570522065186,0.0813,0.169,,,,,,,,,0.7293,0.8662,0.0995,0.9534,0.711,0.8565,0.0898,0.8493
scimmir,siglipv1-so400m-384,16184,0.6080184597634842,0.7672339198154023,0.0794,0.168,,,,,,,,,0.7427,0.8784,0.1112,0.9931,0.7254,0.8627,0.0955,0.8913
semart,clip-vitl14-laion2b,19244,0.6286248830682881,0.8316183348924229,0.1119,0.1176,0.7109,0.8994,0.0678,0.3841,0.7025,0.899,0.0674,0.3648,0.7329,0.9093,0.0777,0.5045,0.718,0.9018,0.0702,0.3943
semart,default,19244,0.35827876520112256,0.5556594948550047,0.4066,0.5425,0.4864,0.7226,0.1669,0.4928,0.4659,0.6993,0.1436,0.4621,0.5168,0.7353,0.1796,0.6146,0.4925,0.7254,0.1697,0.5263
semart,metaclip2-ww-huge,19244,0.7343311506080449,0.8952291861552854,0.1222,0.32,,,,,,,,,0.7923,0.9448,0.0496,0.4192,0.7877,0.9364,0.0412,0.5182
semart,siglipv1-so400m-384,19244,0.6398503274087932,0.8288119738072965,0.1136,0.3297,,,,,,,,,0.7488,0.9027,0.0739,0.6457,0.7362,0.8952,0.0664,0.5388
skincap,biomedclip,2800,0.3762541806020067,0.6505016722408027,0.5761,0.2321,,,,,,,,,0.4548,0.7567,0.1062,0.2698,0.4365,0.7483,0.0978,0.2534
skincap,clip-vitl14-laion2b,2800,0.3210702341137124,0.6321070234113713,0.3504,0.3504,0.5017,0.8135,0.1814,0.7182,0.5234,0.8094,0.1773,0.6575,0.5234,0.8202,0.1881,0.7756,0.5184,0.8119,0.1798,0.7187
skincap,default,2800,0.391304347826087,0.6555183946488294,0.5625,0.8207,0.5652,0.8261,0.1706,0.6619,0.6042,0.8456,0.1901,0.7379,0.612,0.8456,0.1901,0.7519,0.6054,0.8406,0.1851,0.7689
skincap,medsiglip,2800,0.4280936454849498,0.6956521739130435,0.2164,0.1921,,,,,,,,,0.6355,0.857,0.1613,0.7373,0.6237,0.8587,0.163,0.82
skincap,metaclip2-ww-huge,2800,0.4331103678929766,0.68561872909699,0.5118,0.5046,,,,,,,,,0.6221,0.8495,0.1639,0.662,0.6271,0.8612,0.1756,0.7788
skincap,siglipv1-so400m-384,2800,0.34782608695652173,0.6655518394648829,0.2664,0.6118,0.5686,0.8554,0.1898,0.7389,0.5702,0.8503,0.1847,0.7429,0.5903,0.8737,0.2081,0.808,0.5936,0.8587,0.1931,0.8263
treeoflife,bioclip,8400,0.1003904071388734,0.2102621305075293,0.0789,0.0,0.2543,0.4777,0.2674,0.939,0.2496,0.4752,0.2649,0.8668,0.2713,0.5045,0.2942,0.979,0.2448,0.4618,0.2515,0.8658
treeoflife,bioclip2,8400,0.3809258226436141,0.5214723926380368,0.118,0.0238,,,,,,,,,0.5042,0.7289,0.2074,0.6533,0.5017,0.7186,0.1971,0.622
treeoflife,clip-vitl14-laion2b,8400,0.29726715002788623,0.4991634132738427,0.1757,0.1335,,,,,,,,,0.3896,0.6484,0.1492,0.5555,0.3795,0.6392,0.14,0.4949
treeoflife,default,8400,0.32738427216954824,0.5499163413273843,0.2784,0.258,0.3999,0.6712,0.1213,0.5271,0.4041,0.6645,0.1146,0.3835,0.4166,0.6827,0.1328,0.4846,0.403,0.6796,0.1297,0.5048
treeoflife,metaclip2-ww-huge,8400,0.456776352481874,0.6675962074735081,0.2811,0.0739,,,,,,,,,0.5357,0.7864,0.1188,0.4866,0.531,0.7769,0.1093,0.4825
treeoflife,siglipv1-so400m-384,8400,0.39709983268265475,0.6017847183491355,0.188,0.1862,,,,,,,,,0.483,0.7351,0.1333,0.6179,0.4777,0.7368,0.135,0.5666
