backbone,dataset,N50,n_gallery,n_test,n_train,n_val,train_N10_x1.5,train_N10_x2,train_N10_x3,train_N10_x4,train_N10_x6,train_N10_x8,train_N50_x1.5,train_N50_x2,train_N50_x3,train_N50_x4,train_N50_x6,train_N50_x8,train_R10,train_R50,train_dens_log10,train_dens_log50,train_mean_logrank,train_median_rank_frac,val_N10_x1.5,val_N10_x2,val_N10_x3,val_N10_x4,val_N10_x6,val_N10_x8,val_N50_x1.5,val_N50_x2,val_N50_x3,val_N50_x4,val_N50_x6,val_N50_x8,val_R10,val_R50,val_dens_log10,val_dens_log50,val_mean_logrank,val_median_rank_frac
clip-vitl14-laion2b,coco,0.0462,5000,5000,20000,3000,0.0478,0.0795,0.1197,0.1453,0.1745,0.1907,0.0270,0.0371,0.0462,0.0493,0.0515,0.0527,0.7833,0.9447,0.1662,0.0887,0.5156,0.0004,0.0460,0.0683,0.1023,0.1187,0.1327,0.1387,0.0123,0.0167,0.0183,0.0200,0.0210,0.0210,0.8503,0.9760,0.1618,0.0505,0.4069,0.0003
default,coco,0.0333,4999,4999,20000,3000,0.0422,0.0685,0.1007,0.1214,0.1447,0.1565,0.0191,0.0274,0.0333,0.0358,0.0370,0.0384,0.8178,0.9526,0.1446,0.0690,0.4548,0.0002,0.0383,0.0580,0.0820,0.0927,0.1010,0.1033,0.0033,0.0077,0.0090,0.0103,0.0107,0.0117,0.8807,0.9800,0.1336,0.0332,0.3491,0.0003
metaclip2-ww-huge,coco,0.0489,5000,5000,20000,3000,0.0465,0.0797,0.1199,0.1447,0.1737,0.1905,0.0269,0.0391,0.0489,0.0523,0.0553,0.0565,0.7791,0.9402,0.1604,0.0896,0.5165,0.0004,0.0447,0.0773,0.1093,0.1243,0.1393,0.1450,0.0120,0.0177,0.0203,0.0213,0.0217,0.0220,0.8433,0.9753,0.1455,0.0519,0.3951,0.0003
siglipv1-so400m-384,coco,0.0377,5000,5000,20000,3000,0.0401,0.0633,0.0985,0.1187,0.1423,0.1551,0.0197,0.0284,0.0377,0.0404,0.0425,0.0436,0.8213,0.9542,0.1393,0.0720,0.4396,0.0002,0.0353,0.0563,0.0813,0.0950,0.1063,0.1107,0.0090,0.0110,0.0113,0.0130,0.0153,0.0157,0.8810,0.9823,0.1241,0.0398,0.3333,0.0003
clip-vitl14-laion2b,facad,0.0183,1874,1874,8754,1874,0.0354,0.0553,0.0735,0.0841,0.0953,0.1019,0.0100,0.0139,0.0183,0.0199,0.0215,0.0219,0.8853,0.9758,0.1279,0.0369,0.3438,0.0005,0.0283,0.0454,0.0683,0.0768,0.0886,0.0939,0.0085,0.0149,0.0181,0.0192,0.0208,0.0213,0.8949,0.9787,0.1193,0.0365,0.3292,0.0005
default,facad,0.0080,1874,1874,8754,1874,0.0183,0.0272,0.0368,0.0422,0.0477,0.0507,0.0050,0.0066,0.0080,0.0084,0.0096,0.0098,0.9440,0.9895,0.0739,0.0184,0.2052,0.0005,0.0171,0.0267,0.0416,0.0438,0.0491,0.0502,0.0021,0.0037,0.0059,0.0059,0.0069,0.0075,0.9445,0.9920,0.0759,0.0164,0.2094,0.0005
fashionclip,facad,0.0254,1874,1874,8754,1874,0.0434,0.0676,0.0893,0.1009,0.1128,0.1199,0.0105,0.0164,0.0254,0.0279,0.0302,0.0318,0.8570,0.9650,0.1474,0.0433,0.4102,0.0011,0.0411,0.0603,0.0768,0.0902,0.1046,0.1147,0.0144,0.0187,0.0261,0.0283,0.0299,0.0304,0.8703,0.9691,0.1641,0.0455,0.4106,0.0011
marqo-fashionsiglip,facad,0.0094,1874,1874,8754,1874,0.0254,0.0381,0.0521,0.0575,0.0624,0.0647,0.0043,0.0062,0.0094,0.0101,0.0110,0.0112,0.9269,0.9874,0.0885,0.0204,0.2432,0.0005,0.0197,0.0320,0.0411,0.0464,0.0539,0.0582,0.0059,0.0091,0.0128,0.0149,0.0160,0.0160,0.9333,0.9840,0.0896,0.0226,0.2455,0.0005
metaclip2-ww-huge,facad,0.0160,1874,1874,8754,1874,0.0297,0.0457,0.0605,0.0704,0.0793,0.0863,0.0094,0.0125,0.0160,0.0174,0.0194,0.0201,0.9029,0.9790,0.1215,0.0326,0.3201,0.0005,0.0293,0.0496,0.0683,0.0774,0.0875,0.0934,0.0064,0.0112,0.0155,0.0176,0.0181,0.0192,0.8949,0.9797,0.1132,0.0340,0.3210,0.0005
siglipv1-so400m-384,facad,0.0091,1874,1874,8754,1874,0.0189,0.0286,0.0382,0.0438,0.0500,0.0543,0.0052,0.0076,0.0091,0.0101,0.0107,0.0107,0.9411,0.9888,0.0776,0.0201,0.2138,0.0005,0.0160,0.0224,0.0368,0.0422,0.0496,0.0507,0.0027,0.0037,0.0048,0.0048,0.0053,0.0053,0.9461,0.9936,0.0716,0.0193,0.2081,0.0005
clip-vitl14-laion2b,fashion200k,0.0613,4999,4999,50000,4999,0.0519,0.0901,0.1344,0.1613,0.1928,0.2126,0.0293,0.0462,0.0613,0.0705,0.0783,0.0817,0.7348,0.9138,0.1860,0.1006,0.6222,0.0006,0.0566,0.0878,0.1308,0.1632,0.1984,0.2174,0.0314,0.0490,0.0652,0.0762,0.0870,0.0916,0.7199,0.9026,0.1849,0.1087,0.6520,0.0006
default,fashion200k,0.0363,4999,4999,50000,4999,0.0500,0.0790,0.1112,0.1334,0.1542,0.1670,0.0177,0.0267,0.0363,0.0409,0.0458,0.0473,0.8041,0.9505,0.1743,0.0708,0.5083,0.0004,0.0444,0.0782,0.1172,0.1360,0.1580,0.1744,0.0208,0.0338,0.0456,0.0494,0.0540,0.0560,0.7910,0.9408,0.1700,0.0764,0.5263,0.0004
fashionclip,fashion200k,0.0727,4999,4999,50000,4999,0.0615,0.1002,0.1519,0.1836,0.2186,0.2400,0.0321,0.0519,0.0727,0.0834,0.0930,0.0970,0.6947,0.8984,0.2027,0.1157,0.6918,0.0007,0.0650,0.1082,0.1546,0.1866,0.2248,0.2468,0.0320,0.0494,0.0710,0.0794,0.0900,0.0956,0.6883,0.8982,0.2088,0.1165,0.7046,0.0008
marqo-fashionsiglip,fashion200k,0.0197,4999,4999,50000,4999,0.0386,0.0605,0.0835,0.0964,0.1096,0.1156,0.0107,0.0157,0.0197,0.0209,0.0219,0.0221,0.8742,0.9778,0.1438,0.0430,0.3712,0.0002,0.0354,0.0556,0.0814,0.0952,0.1098,0.1172,0.0116,0.0172,0.0220,0.0248,0.0264,0.0268,0.8688,0.9724,0.1400,0.0474,0.3822,0.0002
metaclip2-ww-huge,fashion200k,0.0705,4999,4999,50000,4999,0.0581,0.0968,0.1450,0.1761,0.2112,0.2333,0.0321,0.0515,0.0705,0.0797,0.0904,0.0947,0.7032,0.8998,0.1937,0.1126,0.6773,0.0006,0.0608,0.0998,0.1492,0.1790,0.2170,0.2416,0.0330,0.0538,0.0742,0.0848,0.0978,0.1046,0.6861,0.8880,0.1939,0.1182,0.7058,0.0006
siglipv1-so400m-384,fashion200k,0.0364,4999,4999,50000,4999,0.0475,0.0757,0.1132,0.1330,0.1540,0.1666,0.0180,0.0275,0.0364,0.0407,0.0454,0.0472,0.8054,0.9513,0.1711,0.0707,0.5005,0.0004,0.0470,0.0726,0.1090,0.1300,0.1530,0.1670,0.0230,0.0340,0.0454,0.0506,0.0546,0.0560,0.8014,0.9422,0.1675,0.0755,0.5118,0.0004
clip-vitl14-laion2b,goodnews,0.0256,4999,4999,49998,5000,0.0203,0.0326,0.0487,0.0583,0.0699,0.0767,0.0109,0.0169,0.0256,0.0314,0.0372,0.0407,0.8823,0.9470,0.0742,0.0374,0.3147,0.0002,0.0180,0.0304,0.0446,0.0558,0.0712,0.0780,0.0116,0.0200,0.0278,0.0344,0.0402,0.0444,0.8768,0.9414,0.0694,0.0419,0.3278,0.0002
default,goodnews,0.1029,4999,4999,49998,5000,0.0379,0.0665,0.1066,0.1333,0.1671,0.1941,0.0359,0.0631,0.1029,0.1285,0.1646,0.1915,0.4314,0.5839,0.1230,0.1162,1.4362,0.0042,0.0432,0.0728,0.1086,0.1372,0.1764,0.2028,0.0380,0.0656,0.1066,0.1340,0.1718,0.1936,0.4258,0.5854,0.1263,0.1212,1.4390,0.0042
metaclip2-ww-huge,goodnews,0.0143,4999,4999,49998,5000,0.0127,0.0208,0.0308,0.0368,0.0437,0.0484,0.0062,0.0101,0.0143,0.0170,0.0199,0.0209,0.9327,0.9733,0.0501,0.0224,0.1940,0.0002,0.0126,0.0202,0.0280,0.0362,0.0446,0.0532,0.0092,0.0136,0.0172,0.0202,0.0226,0.0244,0.9274,0.9694,0.0481,0.0277,0.2052,0.0002
siglipv1-so400m-384,goodnews,0.0549,4999,4999,49998,5000,0.0243,0.0403,0.0639,0.0790,0.1010,0.1153,0.0218,0.0349,0.0549,0.0697,0.0897,0.1026,0.7386,0.8293,0.0895,0.0670,0.6619,0.0002,0.0246,0.0420,0.0684,0.0836,0.1064,0.1226,0.0226,0.0380,0.0570,0.0728,0.0942,0.1082,0.7248,0.8216,0.0865,0.0718,0.6848,0.0002
clip-vitl14-laion2b,nwpu,0.2159,3150,3150,25199,3150,0.0820,0.1502,0.2578,0.3451,0.4708,0.5460,0.1139,0.1686,0.2159,0.2417,0.2712,0.2819,0.2836,0.7001,0.2411,0.3349,1.3524,0.0085,0.0838,0.1489,0.2590,0.3511,0.4730,0.5390,0.1032,0.1562,0.2102,0.2429,0.2673,0.2765,0.2775,0.6987,0.2375,0.3301,1.3657,0.0086
default,nwpu,0.2143,3150,3150,25199,3150,0.0837,0.1510,0.2622,0.3460,0.4632,0.5285,0.1048,0.1588,0.2143,0.2418,0.2698,0.2844,0.2825,0.6933,0.2352,0.3215,1.3570,0.0084,0.0879,0.1543,0.2587,0.3371,0.4575,0.5276,0.1095,0.1702,0.2254,0.2540,0.2825,0.2937,0.2759,0.6787,0.2381,0.3235,1.3744,0.0086
georsclip-vitb32,nwpu,0.2126,3150,3150,25199,3150,0.0855,0.1590,0.2759,0.3631,0.4810,0.5489,0.1065,0.1602,0.2126,0.2348,0.2598,0.2686,0.2859,0.7134,0.2418,0.3287,1.3333,0.0079,0.0873,0.1540,0.2717,0.3571,0.4679,0.5349,0.1019,0.1511,0.2083,0.2378,0.2629,0.2730,0.2902,0.7092,0.2450,0.3182,1.3390,0.0079
metaclip2-ww-huge,nwpu,0.2478,3150,3150,25199,3150,0.0780,0.1432,0.2495,0.3368,0.4680,0.5479,0.1254,0.1836,0.2478,0.2825,0.3093,0.3247,0.2376,0.6460,0.2182,0.3514,1.4396,0.0101,0.0762,0.1416,0.2479,0.3340,0.4663,0.5403,0.1187,0.1762,0.2387,0.2705,0.3032,0.3175,0.2410,0.6479,0.2221,0.3440,1.4444,0.0102
remoteclip-vitl14,nwpu,0.2124,3150,3150,25199,3150,0.0779,0.1470,0.2577,0.3483,0.4639,0.5320,0.1071,0.1586,0.2124,0.2378,0.2613,0.2723,0.2887,0.7007,0.2361,0.3260,1.3520,0.0083,0.0784,0.1473,0.2559,0.3508,0.4584,0.5305,0.0949,0.1521,0.2092,0.2324,0.2625,0.2695,0.2911,0.7102,0.2385,0.3257,1.3448,0.0083
siglipv1-so400m-384,nwpu,0.2275,3150,3150,25199,3150,0.0797,0.1496,0.2596,0.3479,0.4728,0.5447,0.1132,0.1719,0.2275,0.2565,0.2799,0.2921,0.2738,0.6906,0.2349,0.3395,1.3649,0.0087,0.0816,0.1565,0.2689,0.3581,0.4851,0.5540,0.1127,0.1571,0.2194,0.2463,0.2724,0.2851,0.2613,0.6924,0.2304,0.3392,1.3797,0.0089
biomedclip,rocov2,0.0416,9927,9927,59962,9903,0.0669,0.1070,0.1526,0.1798,0.2057,0.2196,0.0219,0.0324,0.0416,0.0459,0.0499,0.0516,0.7491,0.9442,0.2308,0.0879,0.6245,0.0003,0.0668,0.1070,0.1546,0.1839,0.2196,0.2390,0.0312,0.0491,0.0696,0.0800,0.0898,0.0964,0.6843,0.8889,0.2242,0.1098,0.7473,0.0004
clip-vitl14-laion2b,rocov2,0.1369,9927,9927,59962,9903,0.0193,0.0363,0.0641,0.0868,0.1253,0.1571,0.0434,0.0772,0.1369,0.1848,0.2600,0.3212,0.0848,0.1918,0.0579,0.1229,2.4226,0.0379,0.0238,0.0405,0.0722,0.0958,0.1386,0.1721,0.0433,0.0835,0.1469,0.1898,0.2669,0.3280,0.1006,0.2205,0.0660,0.1340,2.3498,0.0318
default,rocov2,0.2000,9927,9927,59962,9903,0.0466,0.0854,0.1453,0.1924,0.2643,0.3150,0.0720,0.1247,0.2000,0.2518,0.3210,0.3653,0.2287,0.4603,0.1444,0.2167,1.7419,0.0063,0.0521,0.0952,0.1530,0.1968,0.2700,0.3198,0.0731,0.1241,0.1933,0.2422,0.3083,0.3495,0.2529,0.4876,0.1546,0.2107,1.6768,0.0055
medsiglip,rocov2,0.2150,9927,9927,59962,9903,0.0539,0.0939,0.1631,0.2150,0.2890,0.3460,0.0778,0.1334,0.2150,0.2683,0.3369,0.3775,0.2287,0.4839,0.1619,0.2336,1.6856,0.0055,0.0516,0.0899,0.1587,0.2116,0.2915,0.3503,0.0810,0.1372,0.2236,0.2770,0.3418,0.3815,0.2257,0.4825,0.1526,0.2425,1.6821,0.0056
metaclip2-ww-huge,rocov2,0.2028,9927,9927,59962,9903,0.0416,0.0737,0.1252,0.1658,0.2291,0.2803,0.0690,0.1221,0.2028,0.2579,0.3365,0.3882,0.2080,0.4072,0.1242,0.1999,1.8153,0.0087,0.0461,0.0799,0.1357,0.1767,0.2434,0.2945,0.0705,0.1236,0.1918,0.2441,0.3122,0.3604,0.2285,0.4413,0.1305,0.2030,1.7552,0.0071
siglipv1-so400m-384,rocov2,0.1975,9927,9927,59962,9903,0.0559,0.1009,0.1669,0.2156,0.2925,0.3444,0.0768,0.1276,0.1975,0.2440,0.3056,0.3388,0.3050,0.5616,0.1724,0.2251,1.4963,0.0037,0.0568,0.0975,0.1662,0.2117,0.2837,0.3331,0.0698,0.1197,0.1864,0.2297,0.2819,0.3172,0.3357,0.5877,0.1751,0.2158,1.4401,0.0030
clip-vitl14-laion2b,rsicd,0.1744,1093,1093,8734,1094,0.0927,0.1625,0.2717,0.3489,0.4340,0.4761,0.0680,0.1168,0.1744,0.1961,0.2254,0.2345,0.3385,0.7386,0.2670,0.2658,1.2842,0.0186,0.0978,0.1755,0.2980,0.3867,0.4762,0.5174,0.0667,0.1106,0.1517,0.1764,0.2084,0.2303,0.3035,0.7431,0.2640,0.2758,1.3207,0.0201
default,rsicd,0.1574,1093,1093,8734,1094,0.0903,0.1650,0.2672,0.3413,0.4172,0.4684,0.0701,0.1116,0.1574,0.1818,0.2043,0.2159,0.3763,0.7640,0.2703,0.2521,1.2156,0.0162,0.0905,0.1819,0.2980,0.3958,0.4488,0.4936,0.0567,0.0996,0.1435,0.1673,0.1938,0.2102,0.3492,0.7733,0.2857,0.2467,1.2469,0.0174
georsclip-vitb32,rsicd,0.1622,1093,1093,8734,1094,0.0964,0.1632,0.2842,0.3538,0.4285,0.4773,0.0653,0.1174,0.1622,0.1949,0.2190,0.2318,0.3370,0.7374,0.2633,0.2538,1.2811,0.0189,0.1015,0.1728,0.2952,0.3729,0.4452,0.5027,0.0795,0.1252,0.1792,0.2139,0.2395,0.2550,0.2998,0.7166,0.2785,0.2698,1.3390,0.0201
metaclip2-ww-huge,rsicd,0.1601,1093,1093,8734,1094,0.0881,0.1629,0.2845,0.3559,0.4385,0.4834,0.0698,0.1077,0.1601,0.1839,0.2126,0.2248,0.3461,0.7505,0.2655,0.2578,1.2631,0.0186,0.0923,0.1746,0.2980,0.3693,0.4470,0.4927,0.0649,0.1133,0.1572,0.1920,0.2203,0.2322,0.3218,0.7413,0.2736,0.2631,1.3041,0.0192
remoteclip-vitl14,rsicd,0.0268,1093,1093,8734,1094,0.1150,0.1940,0.2778,0.3099,0.3333,0.3407,0.0146,0.0223,0.0268,0.0290,0.0302,0.0305,0.6441,0.9692,0.3429,0.1036,0.7721,0.0058,0.1207,0.2102,0.3455,0.4196,0.4561,0.4753,0.0293,0.0366,0.0457,0.0494,0.0530,0.0548,0.4973,0.9406,0.3491,0.1771,0.9671,0.0101
siglipv1-so400m-384,rsicd,0.1671,1093,1093,8734,1094,0.0927,0.1629,0.2687,0.3407,0.4154,0.4636,0.0701,0.1147,0.1671,0.1885,0.2217,0.2367,0.3550,0.7368,0.2527,0.2501,1.2549,0.0177,0.0969,0.1810,0.2952,0.3803,0.4479,0.4918,0.0658,0.1079,0.1490,0.1764,0.2093,0.2258,0.3263,0.7450,0.2766,0.2523,1.3001,0.0183
clip-vitl14-laion2b,scimmir,0.1382,3467,3467,16184,3467,0.0373,0.0661,0.1090,0.1416,0.1935,0.2288,0.0511,0.0873,0.1382,0.1758,0.2317,0.2643,0.3993,0.5693,0.1183,0.1532,1.4033,0.0083,0.0401,0.0675,0.1105,0.1494,0.1849,0.2163,0.0418,0.0761,0.1246,0.1618,0.2091,0.2452,0.4156,0.5852,0.1260,0.1405,1.3791,0.0069
default,scimmir,0.1287,3467,3467,16184,3467,0.0392,0.0679,0.1116,0.1421,0.1880,0.2209,0.0464,0.0805,0.1287,0.1676,0.2186,0.2554,0.3924,0.5597,0.1220,0.1420,1.4455,0.0084,0.0407,0.0701,0.1188,0.1488,0.1909,0.2207,0.0427,0.0750,0.1307,0.1710,0.2247,0.2590,0.3888,0.5601,0.1269,0.1393,1.4456,0.0084
metaclip2-ww-huge,scimmir,0.0983,3467,3467,16184,3467,0.0383,0.0645,0.1026,0.1320,0.1712,0.1950,0.0363,0.0611,0.0983,0.1206,0.1499,0.1660,0.6133,0.7661,0.1321,0.1174,0.9036,0.0012,0.0392,0.0620,0.0949,0.1246,0.1661,0.1863,0.0366,0.0617,0.0888,0.1122,0.1393,0.1589,0.6219,0.7681,0.1361,0.1141,0.8997,0.0012
siglipv1-so400m-384,scimmir,0.1005,3467,3467,16184,3467,0.0348,0.0615,0.0973,0.1244,0.1601,0.1883,0.0405,0.0663,0.1005,0.1232,0.1502,0.1672,0.6208,0.7633,0.1222,0.1153,0.8795,0.0009,0.0366,0.0623,0.1004,0.1252,0.1630,0.1892,0.0410,0.0672,0.1021,0.1211,0.1483,0.1653,0.6268,0.7704,0.1207,0.1152,0.8669,0.0009
clip-vitl14-laion2b,semart,0.0973,1069,1069,19244,1069,0.0524,0.0826,0.1350,0.1684,0.2120,0.2364,0.0337,0.0617,0.0973,0.1151,0.1419,0.1565,0.6162,0.8129,0.1663,0.1345,0.8621,0.0044,0.0533,0.0795,0.1263,0.1553,0.1936,0.2161,0.0327,0.0580,0.0954,0.1216,0.1487,0.1609,0.6380,0.8157,0.1768,0.1210,0.8346,0.0037
default,semart,0.1665,1069,1069,19244,1069,0.0418,0.0767,0.1191,0.1609,0.2092,0.2551,0.0580,0.1004,0.1665,0.2130,0.2922,0.3405,0.3533,0.5407,0.1392,0.1723,1.4547,0.0346,0.0468,0.0804,0.1394,0.1749,0.2357,0.2937,0.0655,0.1132,0.1637,0.2039,0.2778,0.3181,0.3321,0.5463,0.1421,0.1907,1.4846,0.0346
metaclip2-ww-huge,semart,0.0683,1069,1069,19244,1069,0.0455,0.0761,0.1166,0.1437,0.1718,0.1952,0.0271,0.0468,0.0683,0.0820,0.0967,0.1023,0.7206,0.8840,0.1651,0.1004,0.6612,0.0025,0.0384,0.0599,0.0992,0.1169,0.1534,0.1740,0.0355,0.0514,0.0833,0.0964,0.1029,0.1094,0.7399,0.8765,0.1520,0.1001,0.6432,0.0019
siglipv1-so400m-384,semart,0.0973,1069,1069,19244,1069,0.0514,0.0882,0.1350,0.1718,0.2139,0.2426,0.0343,0.0642,0.0973,0.1219,0.1469,0.1593,0.6152,0.8160,0.1735,0.1356,0.8562,0.0047,0.0552,0.0833,0.1291,0.1684,0.2161,0.2404,0.0412,0.0683,0.0907,0.1160,0.1347,0.1487,0.6296,0.8241,0.1780,0.1357,0.8379,0.0047
biomedclip,skincap,0.1973,598,598,2800,598,0.0808,0.1288,0.1957,0.2575,0.3434,0.4013,0.0831,0.1288,0.1973,0.2363,0.2860,0.3183,0.3478,0.6527,0.2274,0.2448,1.3406,0.0401,0.0719,0.1221,0.2023,0.2441,0.3227,0.3696,0.0702,0.1187,0.1789,0.2023,0.2492,0.2843,0.4080,0.6990,0.2238,0.2280,1.2405,0.0284
clip-vitl14-laion2b,skincap,0.2068,598,598,2800,598,0.0647,0.1315,0.2057,0.2637,0.3378,0.4002,0.0786,0.1338,0.2068,0.2492,0.3060,0.3439,0.3116,0.6154,0.2010,0.2442,1.4064,0.0468,0.0836,0.1421,0.2107,0.2676,0.3244,0.3679,0.0585,0.1120,0.1856,0.2274,0.2860,0.3161,0.3579,0.6589,0.2254,0.2107,1.3159,0.0343
default,skincap,0.1812,598,598,2800,598,0.0563,0.1087,0.1873,0.2330,0.2954,0.3434,0.0713,0.1182,0.1812,0.2219,0.2731,0.3021,0.3896,0.6527,0.1918,0.2089,1.2856,0.0340,0.0753,0.1221,0.2124,0.2408,0.3127,0.3712,0.0736,0.1237,0.1789,0.2107,0.2458,0.2709,0.3997,0.6823,0.1999,0.2148,1.2358,0.0301
medsiglip,skincap,0.1538,598,598,2800,598,0.0708,0.1315,0.2135,0.2642,0.3261,0.3696,0.0608,0.1042,0.1538,0.1906,0.2313,0.2631,0.4130,0.7107,0.2233,0.2048,1.2180,0.0276,0.0585,0.0920,0.1806,0.2191,0.2826,0.3244,0.0569,0.0987,0.1472,0.1789,0.2341,0.2492,0.4716,0.7308,0.2383,0.1957,1.1616,0.0217
metaclip2-ww-huge,skincap,0.1622,598,598,2800,598,0.0669,0.1249,0.2046,0.2480,0.3183,0.3696,0.0708,0.1137,0.1622,0.1945,0.2441,0.2776,0.4002,0.6901,0.2214,0.2135,1.2521,0.0301,0.0635,0.1171,0.1906,0.2308,0.2960,0.3428,0.0635,0.1003,0.1438,0.1722,0.2124,0.2425,0.4565,0.7274,0.2211,0.1960,1.1682,0.0217
siglipv1-so400m-384,skincap,0.1845,598,598,2800,598,0.0647,0.1148,0.1839,0.2358,0.2999,0.3506,0.0702,0.1137,0.1845,0.2258,0.2737,0.3038,0.3885,0.6600,0.2154,0.2113,1.2960,0.0334,0.0903,0.1371,0.2023,0.2575,0.3361,0.3779,0.0619,0.1120,0.1722,0.2074,0.2458,0.2676,0.3997,0.7057,0.2417,0.2205,1.2386,0.0268
bioclip,treeoflife,0.1372,1793,1793,8400,1793,0.0238,0.0415,0.0729,0.0983,0.1370,0.1673,0.0426,0.0796,0.1372,0.1898,0.2818,0.3441,0.1039,0.2227,0.0695,0.1280,2.2501,0.1649,0.0162,0.0335,0.0680,0.0848,0.1260,0.1712,0.0524,0.0937,0.1562,0.2097,0.2995,0.3659,0.1021,0.2097,0.0621,0.1354,2.2499,0.1612
bioclip2,treeoflife,0.1324,1793,1793,8400,1793,0.0318,0.0574,0.0993,0.1346,0.1777,0.2134,0.0455,0.0801,0.1324,0.1686,0.2257,0.2688,0.3753,0.5358,0.1046,0.1455,1.4720,0.0206,0.0452,0.0719,0.1177,0.1489,0.1874,0.2253,0.0463,0.0825,0.1361,0.1679,0.2236,0.2761,0.3748,0.5466,0.1189,0.1435,1.4530,0.0184
clip-vitl14-laion2b,treeoflife,0.1783,1793,1793,8400,1793,0.0411,0.0786,0.1305,0.1738,0.2394,0.2841,0.0658,0.1127,0.1783,0.2326,0.3051,0.3503,0.3062,0.5144,0.1372,0.1954,1.5509,0.0258,0.0429,0.0686,0.1294,0.1673,0.2264,0.2638,0.0591,0.1110,0.1690,0.2214,0.2922,0.3380,0.3246,0.5209,0.1448,0.1831,1.5400,0.0245
default,treeoflife,0.1656,1793,1793,8400,1793,0.0482,0.0876,0.1484,0.1915,0.2553,0.2999,0.0640,0.1054,0.1656,0.2091,0.2690,0.3108,0.3393,0.5640,0.1484,0.1918,1.4576,0.0182,0.0441,0.0870,0.1534,0.1963,0.2605,0.3028,0.0608,0.1009,0.1640,0.2097,0.2694,0.3107,0.3408,0.5745,0.1510,0.1930,1.4473,0.0178
metaclip2-ww-huge,treeoflife,0.1476,1793,1793,8400,1793,0.0541,0.0952,0.1474,0.1840,0.2352,0.2729,0.0495,0.0909,0.1476,0.1893,0.2346,0.2640,0.4568,0.6702,0.1580,0.1655,1.1854,0.0082,0.0535,0.0837,0.1422,0.1807,0.2320,0.2705,0.0535,0.0837,0.1350,0.1729,0.2203,0.2521,0.4741,0.6821,0.1602,0.1624,1.1649,0.0067
siglipv1-so400m-384,treeoflife,0.1595,1793,1793,8400,1793,0.0489,0.0859,0.1381,0.1801,0.2344,0.2699,0.0524,0.0948,0.1595,0.2045,0.2662,0.3071,0.3759,0.5847,0.1477,0.1733,1.3874,0.0156,0.0413,0.0798,0.1221,0.1640,0.2158,0.2515,0.0574,0.1009,0.1612,0.1941,0.2582,0.3051,0.4004,0.5884,0.1435,0.1684,1.3606,0.0139
