learned_on \ applied_to,coco,facad,fashion200k,goodnews,semart,scimmir,skincap,treeoflife,rocov2,rsicd,nwpu
coco,+0.0050,+0.0011,-0.0018,+0.0094,-0.0037,-0.0012,+0.0067,-0.0050,-0.0035,+0.0220,+0.0184
facad,+0.0018,+0.0059,-0.0020,-0.0200,-0.0084,-0.0061,+0.0117,+0.0028,-0.0074,+0.0000,+0.0124
fashion200k,-0.0060,-0.0048,+0.0350,-0.0174,-0.0253,-0.0271,-0.0067,-0.0123,-0.0188,+0.0137,+0.0089
goodnews,-0.0068,+0.0000,-0.0024,+0.1114,+0.0009,-0.0222,+0.0201,-0.0067,-0.0206,+0.0082,+0.0162
semart,-0.0080,-0.0032,-0.0044,+0.0074,+0.1553,+0.0014,+0.0368,-0.0056,-0.0101,+0.0101,+0.0194
scimmir,-0.0072,-0.0011,-0.0042,+0.0042,+0.0150,+0.1082,+0.0084,+0.0028,-0.0361,+0.0037,+0.0006
skincap,-0.0020,+0.0011,-0.0036,-0.0056,-0.0196,-0.0219,+0.1639,-0.0095,-0.0323,+0.0101,+0.0035
treeoflife,-0.0030,+0.0027,-0.0004,-0.0072,-0.0075,-0.0078,+0.0301,+0.1082,+0.0035,+0.0101,+0.0279
rocov2,-0.0060,-0.0005,-0.0096,+0.0078,-0.0028,-0.0277,-0.0117,+0.0011,+0.0582,+0.0009,+0.0048
rsicd,-0.0082,-0.0032,-0.0016,-0.0082,-0.0084,-0.0216,+0.0000,-0.0268,-0.0069,+0.1107,+0.0473
nwpu,-0.0148,-0.0005,-0.0072,-0.0152,-0.0196,-0.0372,+0.0167,-0.0195,-0.0158,+0.0339,+0.2219
