collection,raw_R50,joint_text_alone,joint_image_alone,both,arm_text_only,arm_image_only,arm_both,text_share,foreign_text_mean,foreign_image_mean
coco,0.957,0.005,0.009,0.006,0.002,0.009,0.006,,-0.006,-0.007
facad,0.988,0.006,0.006,0.007,0.007,0.006,0.007,,-0.001,-0.002
fashion200k,0.954,0.035,0.036,0.042,0.033,0.039,0.042,0.833,-0.004,-0.006
goodnews,0.583,0.111,0.075,0.148,0.115,0.099,0.146,0.754,-0.004,-0.036
semart,0.556,0.155,0.071,0.176,0.167,0.144,0.18,0.883,-0.008,-0.034
scimmir,0.551,0.108,0.045,0.149,0.103,0.099,0.145,0.728,-0.017,-0.042
skincap,0.656,0.164,0.164,0.182,0.171,0.19,0.19,0.899,0.011,-0.021
treeoflife,0.55,0.108,0.055,0.133,0.121,0.115,0.133,0.815,-0.008,-0.024
rocov2,0.494,0.058,0.056,0.119,0.038,0.077,0.087,0.49,-0.015,-0.046
rsicd,0.804,0.111,0.091,0.11,0.116,0.1,0.112,1.008,0.011,-0.012
nwpu,0.67,0.222,0.23,0.28,0.228,0.261,0.282,0.793,0.016,-0.001
