collection,encoder,n_train,dim,epochs,batch,seeds,seconds_per_seed_mean,seconds_per_seed,seconds_shared,peak_gpu_gb,wall_seconds_total,gpu,torch
coco,clip-vitl14-laion2b,20000,,30,256,2,6.21,8.03 4.38,4.45,0.189,25.4,NVIDIA GeForce RTX 3080,2.11.0+cu130
coco,metaclip2-ww-huge,20000,,30,256,2,5.3,5.66 4.94,4.47,0.259,24.1,NVIDIA GeForce RTX 3080,2.11.0+cu130
coco,siglip2-so400m-16-384,20000,,30,256,2,5.44,5.87 5.0,4.61,0.298,24.9,NVIDIA GeForce RTX 3080,2.11.0+cu130
coco,siglipv1-so400m-14-384,20000,,30,256,2,5.4,5.81 5.0,4.69,0.298,25.1,NVIDIA GeForce RTX 3080,2.11.0+cu130
facad,clip-vitl14-laion2b,8754,,30,256,2,2.33,2.73 1.92,2.08,0.116,10.4,NVIDIA GeForce RTX 3080,2.11.0+cu130
facad,fashionclip,8754,,30,256,2,2.14,2.59 1.69,1.93,0.077,9.2,NVIDIA GeForce RTX 3080,2.11.0+cu130
facad,marqo-fashionsiglip,8754,,30,256,2,2.32,2.74 1.9,2.06,0.116,10.2,NVIDIA GeForce RTX 3080,2.11.0+cu130
facad,metaclip2-ww-huge,8754,,30,256,2,2.46,2.84 2.07,2.25,0.161,11.4,NVIDIA GeForce RTX 3080,2.11.0+cu130
facad,siglip2-so400m-16-384,8754,,30,256,2,2.55,2.91 2.19,2.23,0.186,11.8,NVIDIA GeForce RTX 3080,2.11.0+cu130
facad,siglipv1-so400m-14-384,8754,,30,256,2,2.6,3.02 2.18,2.27,0.186,12.0,NVIDIA GeForce RTX 3080,2.11.0+cu130
fashion200k,clip-vitl14-laion2b,50000,,30,256,2,11.95,12.64 11.26,10.34,0.379,48.6,NVIDIA GeForce RTX 3080,2.11.0+cu130
fashion200k,fashionclip,50000,,30,256,2,11.17,11.71 10.63,10.48,0.252,46.3,NVIDIA GeForce RTX 3080,2.11.0+cu130
fashion200k,marqo-fashionsiglip,50000,,30,256,2,11.95,12.47 11.43,11.14,0.379,50.1,NVIDIA GeForce RTX 3080,2.11.0+cu130
fashion200k,metaclip2-ww-huge,50000,,30,256,2,12.43,13.15 11.71,11.71,0.514,53.1,NVIDIA GeForce RTX 3080,2.11.0+cu130
fashion200k,siglip2-so400m-16-384,50000,,30,256,2,12.41,12.96 11.85,15.12,0.581,60.7,NVIDIA GeForce RTX 3080,2.11.0+cu130
fashion200k,siglipv1-so400m-14-384,50000,,30,256,2,12.8,13.37 12.24,12.51,0.581,56.3,NVIDIA GeForce RTX 3080,2.11.0+cu130
goodnews,clip-vitl14-laion2b,49998,,30,256,2,13.46,13.48 13.44,14.8,0.379,60.4,NVIDIA GeForce RTX 3080,2.11.0+cu130
goodnews,metaclip2-ww-huge,49998,,30,256,2,15.98,16.75 15.21,15.07,0.514,67.5,NVIDIA GeForce RTX 3080,2.11.0+cu130
goodnews,siglip2-so400m-16-384,49998,,30,256,2,14.0,14.58 13.43,12.04,0.581,57.7,NVIDIA GeForce RTX 3080,2.11.0+cu130
goodnews,siglipv1-so400m-14-384,49998,,30,256,2,12.53,12.98 12.08,12.26,0.581,55.0,NVIDIA GeForce RTX 3080,2.11.0+cu130
nwpu,clip-vitl14-laion2b,25199,,30,256,2,6.05,6.18 5.92,5.83,0.221,26.0,NVIDIA GeForce RTX 3080,2.11.0+cu130
nwpu,georsclip-vitb32,25199,,30,256,2,5.66,5.81 5.51,5.42,0.147,23.9,NVIDIA GeForce RTX 3080,2.11.0+cu130
nwpu,metaclip2-ww-huge,25199,,30,256,2,6.3,6.62 5.99,5.83,0.301,27.3,NVIDIA GeForce RTX 3080,2.11.0+cu130
nwpu,remoteclip-vitl14,25199,,30,256,2,6.03,6.17 5.88,5.68,0.221,25.8,NVIDIA GeForce RTX 3080,2.11.0+cu130
nwpu,siglip2-so400m-16-384,25199,,30,256,2,6.34,6.72 5.97,5.97,0.344,28.1,NVIDIA GeForce RTX 3080,2.11.0+cu130
nwpu,siglipv1-so400m-14-384,25199,,30,256,2,6.38,6.75 6.01,6.0,0.344,28.2,NVIDIA GeForce RTX 3080,2.11.0+cu130
rocov2,biomedclip,59962,,30,256,2,17.21,17.2 17.22,16.7,0.32,75.5,NVIDIA GeForce RTX 3080,2.11.0+cu130
rocov2,clip-vitl14-laion2b,59962,,30,256,2,19.62,19.03 20.21,18.69,0.481,85.9,NVIDIA GeForce RTX 3080,2.11.0+cu130
rocov2,medsiglip,59962,,30,256,2,22.07,21.4 22.74,21.23,0.732,98.6,NVIDIA GeForce RTX 3080,2.11.0+cu130
rocov2,metaclip2-ww-huge,59962,,30,256,2,21.41,20.86 21.96,20.53,0.643,95.0,NVIDIA GeForce RTX 3080,2.11.0+cu130
rocov2,siglip2-so400m-16-384,59962,,30,256,2,22.25,21.79 22.71,21.29,0.732,99.1,NVIDIA GeForce RTX 3080,2.11.0+cu130
rocov2,siglipv1-so400m-14-384,59962,,30,256,2,22.05,21.36 22.74,21.14,0.732,98.3,NVIDIA GeForce RTX 3080,2.11.0+cu130
rsicd,clip-vitl14-laion2b,8734,,30,256,2,2.0,2.47 1.53,1.76,0.109,8.8,NVIDIA GeForce RTX 3080,2.11.0+cu130
rsicd,georsclip-vitb32,8734,,30,256,2,1.96,2.43 1.48,1.69,0.072,8.1,NVIDIA GeForce RTX 3080,2.11.0+cu130
rsicd,metaclip2-ww-huge,8734,,30,256,2,2.09,2.51 1.68,1.87,0.151,9.9,NVIDIA GeForce RTX 3080,2.11.0+cu130
rsicd,remoteclip-vitl14,8734,,30,256,2,2.01,2.44 1.58,1.75,0.109,8.9,NVIDIA GeForce RTX 3080,2.11.0+cu130
rsicd,siglip2-so400m-16-384,8734,,30,256,2,2.58,2.52 2.64,2.49,0.176,12.5,NVIDIA GeForce RTX 3080,2.11.0+cu130
rsicd,siglipv1-so400m-14-384,8734,,30,256,2,2.73,3.1 2.35,2.24,0.176,12.2,NVIDIA GeForce RTX 3080,2.11.0+cu130
scimmir,clip-vitl14-laion2b,16184,,30,256,2,5.13,5.75 4.51,4.37,0.174,21.5,NVIDIA GeForce RTX 3080,2.11.0+cu130
scimmir,metaclip2-ww-huge,16184,,30,256,2,5.3,5.84 4.77,4.72,0.238,23.4,NVIDIA GeForce RTX 3080,2.11.0+cu130
scimmir,siglip2-so400m-16-384,16184,,30,256,2,5.66,6.25 5.07,4.85,0.276,24.8,NVIDIA GeForce RTX 3080,2.11.0+cu130
scimmir,siglipv1-so400m-14-384,16184,,30,256,2,5.36,5.91 4.8,4.98,0.276,24.6,NVIDIA GeForce RTX 3080,2.11.0+cu130
semart,clip-vitl14-laion2b,19244,,30,256,2,5.21,5.67 4.75,4.86,0.169,21.5,NVIDIA GeForce RTX 3080,2.11.0+cu130
semart,metaclip2-ww-huge,19244,,30,256,2,5.68,6.22 5.14,4.86,0.233,23.1,NVIDIA GeForce RTX 3080,2.11.0+cu130
semart,siglip2-so400m-16-384,19244,,30,256,2,5.04,5.27 4.81,4.78,0.266,22.1,NVIDIA GeForce RTX 3080,2.11.0+cu130
semart,siglipv1-so400m-14-384,19244,,30,256,2,4.85,5.24 4.45,4.49,0.266,21.0,NVIDIA GeForce RTX 3080,2.11.0+cu130
skincap,biomedclip,2800,,30,256,2,1.17,1.45 0.89,0.86,0.047,4.4,NVIDIA GeForce RTX 3080,2.11.0+cu130
skincap,clip-vitl14-laion2b,2800,,30,256,2,1.12,1.45 0.8,0.88,0.073,4.7,NVIDIA GeForce RTX 3080,2.11.0+cu130
skincap,medsiglip,2800,,30,256,2,1.19,1.51 0.86,0.9,0.123,5.5,NVIDIA GeForce RTX 3080,2.11.0+cu130
skincap,metaclip2-ww-huge,2800,,30,256,2,1.23,1.47 0.99,0.89,0.103,5.5,NVIDIA GeForce RTX 3080,2.11.0+cu130
skincap,siglip2-so400m-16-384,2800,,30,256,2,1.29,1.54 1.04,0.9,0.123,5.8,NVIDIA GeForce RTX 3080,2.11.0+cu130
skincap,siglipv1-so400m-14-384,2800,,30,256,2,1.23,1.55 0.91,0.9,0.123,5.6,NVIDIA GeForce RTX 3080,2.11.0+cu130
treeoflife,bioclip,8400,,30,256,2,2.8,3.26 2.34,2.03,0.074,10.7,NVIDIA GeForce RTX 3080,2.11.0+cu130
treeoflife,bioclip2,8400,,30,256,2,2.77,3.18 2.36,2.21,0.114,11.4,NVIDIA GeForce RTX 3080,2.11.0+cu130
treeoflife,clip-vitl14-laion2b,8400,,30,256,2,2.89,3.38 2.4,2.23,0.114,11.9,NVIDIA GeForce RTX 3080,2.11.0+cu130
treeoflife,metaclip2-ww-huge,8400,,30,256,2,2.89,3.39 2.39,2.45,0.159,12.9,NVIDIA GeForce RTX 3080,2.11.0+cu130
treeoflife,siglip2-so400m-16-384,8400,,30,256,2,2.9,3.45 2.35,2.41,0.183,13.2,NVIDIA GeForce RTX 3080,2.11.0+cu130
treeoflife,siglipv1-so400m-14-384,8400,,30,256,2,2.74,3.24 2.23,2.4,0.183,12.8,NVIDIA GeForce RTX 3080,2.11.0+cu130
